StrainID,Plate,Row,Column,Plane,Timepoint,PC1,PC2,PC3,PC4,PC5,PC6,PC7,PC8,PC9,PC10,PC11,PC12,PC13
DMA,1,1,1,1,0,-4.757303059162027,8.327985977456844,-0.6560344989299535,-2.753617447436615,-2.9126990876178143,1.8066988875634877,0.8750051883805163,4.011326528056933,0.4267292415892776,-0.3046673850470991,-0.7744771525184545,-0.46372964972190894,-0.45677542628202156
DMA,1,1,1,1,0,14.884689384401584,-2.445099034840658,-0.5159283928436812,-2.4739516638262344,2.4063307898866295,0.48795764697208455,1.2897743216873288,2.202295884938287,1.4997994034344313,-2.3913694637829273,-0.33058266970682076,0.5969120697762363,-0.7553233997924178
DMA,1,1,1,1,0,20.340015240675488,1.6370559136471792,1.6476756061488904,-0.98255254774046,3.4099965063786084,-0.023623083229151343,-5.653364211798004,1.7137391889250915,0.43794955901923727,-3.8106931522737644,-3.898095749860642,1.395486325997513,-2.69637239297869
DMA,1,1,1,1,0,9.90820111653094,1.0803686888680446,-4.096922397045706,4.187390571186268,-5.296246813835094,2.0499398303382184,1.1164997270704646,2.3234419160446,-0.6694048585917676,-1.0085213572840888,4.093734649357575,1.072923671356155,0.5624835195180934
DMA,1,1,1,1,0,2.32817434727111,2.3195026242508803,3.0733066711256045,2.0762517063160906,0.6651035121928588,-2.585054730012819,2.25451856200088,2.757338326354425,1.80912451868315,-2.8412624740432686,-0.2291781844085022,-3.331486231125864,-0.641577036318198
DMA,1,1,1,1,0,3.557736117868788,-4.30625203354256,-0.12181385971096881,6.370591169484391,0.35757022641366326,-0.6832601256126943,-1.9726532840625777,-1.8815514969587157,1.2445525338304653,-1.733639404815823,2.0825073787015698,0.08244359086559658,4.673393368571533
DMA,1,1,1,1,0,-8.00803290331131,-4.421247794335662,1.9507927458818457,0.5002321243101119,-4.327549472902154,4.697955627960804,-0.6413143862483224,0.6729178408793917,0.2775606309761164,-2.533169266710281,-1.4736628669503025,0.4683521468577527,1.9713419654664561
DMA,1,1,1,1,0,-6.8700835325548075,-3.2957170839904784,-7.9678641739314084,1.2346648746029618,1.5317122201719244,-0.10923943966027909,-0.07690693040902799,-0.7442183375199868,-0.3994407188805286,1.4706919330616806,-2.923727207557571,0.5860641579900866,-2.960705301273388
DMA,1,1,1,1,0,-0.4250374813519577,11.892341240771566,-0.056165464974880765,-0.8721935645057654,-2.654228416159444,0.9876448004927783,-0.2087109447198386,-1.282758568043257,0.02385966596462577,0.8016125393608043,1.0284872871204407,-0.268614702899616,0.011659038473842755
DMA,1,1,1,1,0,-5.826803872513477,3.270531216397352,4.894856772621887,-5.129291540513196,0.654933566305492,-1.1469286427441574,-1.4975628222206387,-2.4534021472916723,-1.4847654949558264,-0.9029326553919126,1.133719964869775,1.2014755531956096,1.272785158316844
DMA,1,1,1,1,0,-0.9451054010000657,9.841204276589966,0.5668845143773068,-2.4179976010741417,-0.597371390528144,-0.24619563464361835,-2.403834795241881,1.0612444628200428,-2.9612151625247005,-1.0389814107368087,-0.12065041422351164,-0.5427809929446479,-0.5264935546579722
DMA,1,1,1,1,0,-11.011540546896969,-3.884341117231616,-2.8835367322426793,-1.0416229991368688,1.7943846648107997,2.3895667862691408,0.6293547358007504,-3.175907860603423,2.591121375746397,-2.2579142314305662,-0.3468902402051111,0.28060479508507263,-0.3669239982320817
DMA,1,1,1,1,0,-9.51012329537926,-6.826407513351265,-3.4875244393785056,-4.871792436994087,3.0428546810241572,2.0293049816630067,2.8761595012766867,-6.603679747926439,2.9968255090960314,2.040216142393145,-1.3216777187377706,1.2128783356066175,0.9086908952660656
DMA,1,1,1,1,0,-5.091398944210247,-1.6735650626302405,0.43126596305823295,2.7836978265348336,-2.598545178339319,-2.175354923532698,1.053491011229107,-0.4910751944821616,-1.159031568158861,-0.09681864066114648,0.017159922127511332,2.953069103091818,-1.5062406019603993
DMA,1,1,1,1,0,-4.8472120556018465,-3.3983552369121854,1.8061371427584705,1.8464541665569305,-1.060939025599849,-2.0539413213062985,-0.22047664235505024,-2.0841285371003004,-1.3750304327349396,-0.5207595968424995,1.229428493221807,-0.06146048113227855,-1.2657865648499576
DMA,1,1,1,1,0,1.7281133676883815,-3.687104096289639,-7.450996835863085,2.7724333788824964,-1.8343299661718764,3.2478971398138006,-1.3343860609989693,-0.07192178499491897,-2.847690698694582,1.7556259616187742,-0.8930194159428515,-2.3706641157083723,0.24395907554036325
DMA,1,1,1,1,0,-0.47555814010737685,-2.217240370776184,0.09034757229629836,3.204518804515568,0.011448910658224369,-3.4098628182057884,2.4779762372779337,2.5311832217642283,1.3237944108252966,-0.6271631220170141,4.254800744479209,-1.3252089505259428,0.7889309233327483
DMA,1,1,1,1,0,8.524099021469691,0.2747601276147576,-3.6527625586230017,-3.111107826688193,4.27444030829375,0.5705672119911795,-4.5245633844393005,-0.8302259641303206,0.9696965075746368,2.563285469313931,2.40317089620335,2.094093853945956,4.274791587196207
DMA,1,1,1,1,0,0.8510775536377815,-3.712130539737826,6.103398611522041,0.037194618950165466,0.5963811241697412,-4.122778443584775,-0.19403394542855085,3.1635904725136745,0.6237306660413405,1.2819516936897508,-0.3119727603705667,1.1396719751860742,-1.7340683526846585
DMA,1,1,1,1,0,0.2457018329688653,0.0576155632735672,-5.052787937511076,4.534541077879541,0.11563638037913512,0.6580820601152725,-2.7509362663410917,-0.9036643885614969,-1.5084509031247428,-1.019276659896969,0.994697842687257,-2.051408575512912,0.16588017585731343
DMA,1,1,1,1,0,0.6577784304941086,-5.309126275235811,-1.0638166435075405,-1.0762602906919547,-1.7021625763151274,1.9370579893615105,-1.2028787803387087,7.631975222800165,-1.669781406660103,1.8455957164447643,0.5782846641713196,0.8853928734638742,-2.861301683790934
DMA,1,1,1,1,0,8.603197377847156,-5.712290197809418,1.1125567195463621,-1.042807777621985,4.009652774228482,-0.19232150991088282,-5.268664627481587,0.8685777889092358,1.6861050465266534,-2.3002621783272184,0.8330804595864992,0.8468373595209657,4.042474501717831
DMA,1,1,1,1,0,17.223916458606844,-0.8222660697116133,-2.638164564392115,-4.6225899806149044,1.8564337331774692,1.4411631809050693,2.667110654910899,0.26746428811874967,0.9583648851543776,-1.5061165252494542,-2.548515154457352,0.31081934978581277,1.077378701605601
DMA,1,1,1,1,0,2.6505647433076183,-4.674446379576867,-2.2156548133392575,-0.36961402267398974,1.9162066685346815,-2.7454793037764027,-2.966126050281316,3.45329110152433,0.7497410272384494,-0.351281272278125,1.4756942299708915,-0.8421333627350442,0.9662475096133905
DMA,1,1,1,1,0,0.007131541984510238,3.2880261296158078,3.7975669699668146,-5.540179024805535,0.423138903840937,-4.896137267244734,1.0970356280334537,1.755895060028644,-4.2519203168956246,1.3145850272531738,-0.4875995210429951,-3.5857779521205795,-0.7611207926515845
DMA,1,1,1,1,0,-1.234469477716575,-4.585556881127831,3.6705956838017606,4.086952635724122,-3.6647553026425705,2.698365842725848,0.10407879037085603,-0.5618365626430725,0.840031565236357,-2.2409745094012514,-0.39436601867250914,0.5864365753439033,-1.734544665834863
DMA,1,1,1,1,0,-0.13655633520011085,-5.44712462341498,2.6345558307915162,2.203417270724955,-3.4103171327506687,-0.909558359007053,1.069158330490724,0.20302845169776285,0.22008081116052813,-1.658502902910572,0.92356596665718,-2.1378648296957623,1.4538857910806249
DMA,1,1,1,1,0,-0.18328756059154236,-4.424718004361623,-3.518496647328643,0.17459563652431004,2.482155954441397,-1.6656094868768425,-3.630630428197707,-2.6858535801319254,-0.023762291894697446,0.8522772177903087,-0.04749573939445743,1.1107755321800552,-2.8099662840137647
DMA,1,1,1,1,0,8.39277525239268,-6.4401610193312,-3.836123605780096,1.2157443578379703,4.601467055056737,-6.32670207743945,-2.266418272029077,-0.5399248491607782,-2.3075584376576095,-2.7377609500944255,-0.35607434226068513,-2.633057202473558,2.399795329992503
DMA,1,1,1,1,0,11.281560026556473,1.3856051069640842,-1.2207609038419325,-4.193956726243227,1.646083636088268,-1.4184292426735443,4.851273739059533,1.745851945444481,1.1929359817534975,-0.9949479492088044,1.6116007326430548,1.9776165417355809,-1.8722683311241304
DMA,1,1,1,1,0,1.0982406422978908,2.3079325388404213,-2.445497035372014,3.3603000967700645,3.515673596686616,0.3242941737878092,-2.438806630701962,1.6771272217927689,-0.3402297325243644,0.38161248148089877,-3.3276803032221016,0.05828846245199348,-1.0561706441959733
DMA,1,1,1,1,0,-3.4917740317267385,11.445202758978336,-0.4649274963997246,0.3096519013315785,1.8967798088125403,-0.5717005662940662,0.283321651548046,-0.00756682238893369,-0.30604786640083637,-3.45969325072058,0.5844455224457693,1.596833059849156,-0.4155374919652972
DMA,1,1,1,1,0,-1.2712090482523914,-2.9325915550746697,4.150959307978196,2.6960303705804525,-0.3411879146702289,-6.855079249709434,1.3445677887260268,0.1086263892961824,-1.8842187437727818,1.613105060985315,-0.785611839689946,0.6017174786545146,1.5422829481348606
DMA,1,1,1,1,0,2.453612207128158,10.68793888054957,2.957171628398303,-3.338266416472537,0.8772570354980064,0.7139925150480783,-2.345116358961703,-3.3112743366905772,-0.14774404990139664,0.9348964052881725,1.604216826162887,2.0227103720645507,-0.3640246254460669
DMA,1,1,1,1,0,2.039482819923029,6.769110896166488,1.1921775229782563,-1.7430381741292889,-0.9332133319054045,-1.4260391823900591,4.020796614016658,-1.1383881423322308,-2.6196387071970015,1.3238965327082857,0.17721856793050797,-1.8503969688339057,-0.34225799203091917
DMA,1,1,1,1,0,-1.335392558044879,-1.6502574962710679,5.601755738020648,-2.411913111690425,-0.6077044381247092,-5.435893444110709,1.948529746825854,-2.606286971309284,-1.9629960825864312,3.0221091372937914,-1.7764690209800569,-3.4754402504082527,1.6864852866232904
DMA,1,1,1,1,0,-7.469954664851625,-5.4816126077027265,0.9088329953358217,-0.28869148411717604,1.017535392203406,-0.770873409837559,1.4986911772544287,0.6429702757641048,-0.29524065197975424,-0.5989634134787327,-0.21759697184862373,-0.09491997166660271,-1.111957426688983
DMA,1,1,1,1,0,-8.693626543682795,-2.287056918725225,-3.987546260665131,1.1634121525545746,2.888620472373907,-2.2381606561880067,0.8730672806704265,-0.888675579956318,0.8316529482547104,-0.27593384640961327,1.6210112891314452,1.1409055217993478,-2.6264201465190213
DMA,1,1,1,1,0,3.653411620516929,1.6417104831229208,-3.823303187679048,-0.3208738757389964,5.433059307459822,-1.544378022059212,-2.5712194499636785,2.2557208725679168,-1.3081979226555551,0.1296782434386164,-0.031636665597292286,1.2435147134186346,3.627638393657532
DMA,1,1,1,1,0,3.326133916119633,-3.8893452700690783,3.5004290460658303,4.095056261995137,1.1605882703070134,-4.2441270962716455,2.3793371591916865,-0.8446234841098132,-0.14317017123303669,-1.6628429475064053,1.6119875375038926,-0.637902952579145,0.6959101880165196
DMA,1,1,1,1,0,3.3936444508761854,1.021376796089535,4.7611783637166925,2.55596681893434,-3.980852921953169,1.6141495760160138,-5.376647298597023,-2.691351621373294,1.9884951042215624,0.8142572667382524,6.595270597453388,-0.21603931412029231,-1.4668537535473263
DMA,1,1,1,1,0,5.1566569806932865,5.151034897793213,-8.62234666214597,8.314641568834372,-3.0953801869074615,-1.3611397035777473,1.8215847114795272,3.5151114084871997,0.03748622226072751,-1.4569361649849846,-0.6233599909252004,2.8894054127622932,1.453628163942819
DMA,1,1,1,1,0,2.4681232066686665,8.486083329672088,6.102630190520734,2.78615920721671,3.8149572745844575,0.8941910847838467,-3.124252206258324,-1.6350437540870604,2.5041502436401455,0.7664530252976236,-0.4538026971730219,-4.157029739807069,-1.404999298553726
DMA,1,1,1,1,0,-1.977648584206401,2.702719424490749,7.428251600505387,-0.420442331064846,2.307052204826528,-1.8481295690147326,-3.180170974322536,1.5097247415552364,12.131354810915356,8.381311716016524,-3.051152420350621,-2.0287192682169537,-1.3498215502541226
DMA,1,1,1,1,0,-7.815556368667427,-0.9995744511451277,-0.176372488424678,-1.2834115372593045,-0.9785278921572614,2.5148588905632536,0.13001004185090165,-0.030384220155238822,0.4937428294058242,-1.7963062239477943,0.8017928165195459,0.546455461054847,1.0292903385863805
DMA,1,1,1,1,0,3.7664321934070792,5.734563644959959,-3.0237446682883964,2.6545897110984162,-1.0722051762758926,1.4231796857074857,1.1226363707170202,-0.5246098599886694,-0.6703823008543925,0.3421350014667487,0.9984429082271269,-2.5154161162825317,0.6956915163336495
DMA,1,1,1,1,0,-2.10445496780205,0.04580001880422913,-7.065140020201492,11.021766752563638,-0.1704666750124333,-3.100168446122809,2.189461294179219,-0.7967698138814719,1.8381778169858163,-0.0397729935568009,-2.144112613357578,2.175909881836358,-0.8489199084476571
DMA,1,1,1,1,0,-2.7913856038859404,-0.38397286142211406,-7.465400432981834,7.355731868727842,-1.4675859520097696,2.767921309829286,1.3416709151632529,-1.7904152471623174,-0.5009902218011795,2.2906631948611698,-3.7664401477410157,2.801083918747062,-0.5144514840887778
DMA,1,1,1,1,0,-6.452143784509112,3.2785491816890264,1.3878687986849199,-4.627820870526067,0.7244353711807989,3.046306125722088,-2.2443242952390117,-1.7790058913817564,0.666339334144481,-2.8051129577445564,1.4721482614321584,-1.8787854557162826,-2.631670043851593
DMA,1,1,1,1,0,-4.632803143579559,-4.096869763490489,0.6256813201908066,2.825341271841442,-3.203624518219721,0.4937715049329239,1.5083262746650297,0.6175153525816911,1.3518982604271221,0.946844581477216,-0.6211628251360655,-1.0530705700734269,-1.3367028595557433
DMA,1,1,1,1,0,-7.8166819667804965,-1.8351057516724831,-0.3672443785776276,-5.010362295603694,0.540901132028097,1.8455448965497923,2.231108061351734,0.7113508737884986,1.8873667408398531,-0.8816692430215375,2.875608917273057,0.05575178164275946,1.2351335932894945
DMA,1,1,1,1,0,9.01888931542169,7.298838031021956,-2.7323435994643694,2.3358168762428577,1.2844359993028582,-0.22001193915710732,1.201132859303357,-0.9930204518297724,-2.44827269118688,0.22096733337471833,-2.211294563171253,1.003592869250519,-0.36493730028046634
DMA,1,1,1,1,0,-1.8180315183702085,-4.319602090436707,5.815882597513013,-4.88428603394834,3.01227324264829,-7.299020707441624,-0.5730013342588273,-0.6001349747485227,-0.5382323985777091,0.8758971794350654,0.05786041858858567,3.9091332977433066,-0.20372538761036998
DMA,1,1,1,1,0,-9.465907305125386,-6.352334513168433,1.1241099737009563,-1.535523482214779,-2.2140964917671804,0.3709732269170041,0.6793775320697176,0.7629251804337732,-1.309713771675655,-0.27908638382978485,1.2722365195721013,1.679006787897234,-2.8825168394338734
DMA,1,1,1,1,0,-4.6298443102211,-9.072516027461445,6.451878301997932,-5.843210460533735,-2.3813879241624103,0.8026759227374433,-1.8415127990272127,2.0968841597874746,-2.8700307114466836,0.8141607372204195,-1.6820764917328017,0.49751619417589443,1.7838293758795194
DMA,1,1,1,1,0,-2.6206260562831187,9.671724989592894,1.28892920738743,-0.522831717961384,0.14815954305512882,0.37067941150200984,0.6469597595610168,-0.353001566436255,0.2579906670941308,0.4619580030171986,-1.546948764905136,-0.0020407934616379782,0.9969610828037356
DMA,1,1,1,1,0,-1.3362689058953445,14.365190859094083,-1.4379834176503148,0.045881309819949395,0.24981605696264003,0.5977583345617092,1.6052848931828283,3.3990485693533006,-0.1254075074254096,0.4421815918686501,1.4853921028044241,0.1716777497039662,0.5658136354138624
DMA,1,1,1,1,0,6.921630939654265,-1.5567367180733112,-5.009223178092943,-5.599148766635393,0.5316644139562853,-1.4952048817091352,0.8834798677415197,2.829866763711222,-0.5405427197246424,1.3182607037431806,-0.19677776752060291,-1.8799978892299254,0.13341855909015948
DMA,1,1,1,1,0,-1.979365548300895,12.822556960648903,-4.451091528469073,-0.5510896087178376,3.7783106557602792,-1.3517540151434522,1.9422920385303672,1.450364886803385,-1.3485044157608599,0.32006522947230664,1.8878366042311523,1.9155688839980483,-0.29958737939671554
DMA,1,1,1,1,0,1.4671131794513113,-4.279478672333907,-3.1837338001823468,-1.8775972734212163,3.5788480878883853,-3.710595351402517,0.47102140768803297,-0.6404663969264288,-0.8440423844325086,1.0934760576992286,2.71052531254325,0.841798521712823,-2.235836810778044
DMA,1,1,1,1,0,-2.616551692239436,-2.114310772576068,-0.7939674793192268,2.5345767921900593,0.17949506109263966,-5.643526118880945,2.8878365343201677,0.9652872934950809,-1.1535114644972866,0.3780323780134323,0.008157962496644017,-1.583994361511372,-1.3950630759172016
DMA,1,1,1,1,0,2.749301202869092,3.8059350958585343,3.182815109840657,2.1488883891667,2.9596841006954935,-5.194065333141725,3.7574439917164293,2.380956015020297,-0.8453407408569226,0.8872151102298274,-2.5645413368718635,0.4114798100259531,0.26033927420472136
DMA,1,1,1,1,0,13.877222896706732,-6.089570363722502,3.409827744866437,2.089316478171627,-0.07361584303048756,2.1731935039648964,-1.2506436324129615,-3.7254272901778536,-0.05416257595344561,-2.3768275164485697,0.7274960785657512,0.8629100591991263,-1.3157921053070851
DMA,1,1,1,1,0,2.925642424918362,-7.5675782945046866,-4.106848463497617,-0.229480344436117,-1.8321662557055094,2.1623821794331,-2.5124447995580734,-0.4755740548219911,-1.5263526180943268,1.0566215938834393,2.035257218228483,-0.3349934693433876,3.532567331014287
DMA,1,1,1,1,0,-1.6156581881774579,12.830239033198337,-0.3543751279107497,-1.5375826946532598,0.9259867858320552,-2.153461590824408,0.6088308057405636,-3.040000739052854,-1.0134532591359127,-0.393724619513523,1.5762822188790324,0.5489192006352489,-0.4908514928046188
DMA,1,1,1,1,0,-10.624572749158745,0.6235931933351256,-6.524948650896718,3.1500078337445885,6.427593483104041,-2.751214714005723,-2.118864614554489,-3.4267205366422973,-0.7311379002086855,-2.4276984452995203,1.2807474209157033,-0.37918841113652196,-2.8152334689618335
DMA,1,1,1,1,0,-3.7062174155764946,-5.083102951235705,-0.7679253115458081,-2.544637936669539,3.1006087194682688,-5.904734679601258,-1.260480108639741,0.19134856629302852,-2.848996451016494,-0.7895971702304809,0.8777225480695021,-0.5024694180668505,-0.22225849711730242
DMA,1,1,1,1,0,2.9029779236364117,-0.01826919033747826,1.5354947961366734,9.032777972572754,-0.21408194391239802,-3.3821164667654697,3.1899386385243305,-0.8506194708474818,3.0079974253973605,-2.7494228802191154,-1.7845108174204545,1.7428901942434993,-1.404057914862055
DMA,1,13,1,1,0,13.139636232364243,-1.7944619316710844,0.8842988565639237,-3.125724234763858,-6.160310667896548,5.800831002816458,0.2317374647670324,-4.735009809545022,-3.1234000202499472,0.032607447463290126,-0.6619535662953817,-1.6457570840943982,-4.612413508474357
DMA,1,13,1,1,0,-1.5226332877720408,-3.468633622527871,-3.161282636858903,0.6188458105887386,3.9100426990353028,-3.375619977385601,-2.585346285282332,2.6869226200408782,2.5013431431334174,-0.9935696557163309,1.0803788635564497,-2.331273245209441,1.4527064310558422
DMA,1,13,1,1,0,0.16522229624746768,5.771130704979489,2.3817740412390394,2.2778343181741785,-2.7784284624021143,-1.1558923440594167,3.0437984929492132,-0.18341810584529092,-1.193986980908249,0.0931223814821362,-0.27763544503443643,-2.2152099285081843,0.6553072559011753
DMA,1,13,1,1,0,-4.750595873209675,7.996644002701768,-0.5810616690697425,-3.39589995568347,1.0729515653920005,-0.0035887790843820103,-1.5103976966796595,-1.4277904949114446,-2.493761504790881,-1.1167804829023458,-0.7509171675979419,1.00839861695484,0.5514744240343454
DMA,1,13,1,1,0,-6.638472148887618,-1.9597575738258326,0.24370687348719772,-1.5378878663245734,-3.7861351775363454,4.295975013278594,0.6128825606838412,0.18534671804030253,-0.6169211412472696,-0.3476076927738587,0.37393144558375685,-1.4972533679812434,2.3754824030682142
DMA,1,13,1,1,0,-4.128986860226206,2.4436870273330222,-2.722057618712435,-3.2973667581829718,5.860887210914314,-3.7533590956749565,-0.09197693959280323,-1.6949267242136168,-1.0308333969893948,-0.27702515959925106,-0.03993342887092294,-1.8007034508308373,-0.1739184664525909
DMA,1,13,1,1,0,-4.094270637974826,-4.108237744534095,-3.53504964947671,1.9262127569790528,-0.11304673704404393,0.6362897009539022,0.653700745429804,3.10349613375725,0.377073502081098,-0.19118093778004247,1.496174791541691,2.5251472942701327,0.5414209394145293
DMA,1,13,1,1,0,10.172958119627861,-6.0749204798715635,5.140512095317239,2.1301671182724773,-1.07938568243457,1.9236705430905712,-1.672047771130809,-2.357337911192092,-0.18775970659149951,-2.817096058470155,-1.0515758633445238,-2.592321376520816,1.8747948593418107
DMA,1,13,1,1,0,1.4007242636853914,-4.693641423448365,7.264372660167452,1.865406219592274,-4.180022481110198,-0.9708179883009443,-3.028514845874492,-3.0852915696386765,-0.5218750894760196,1.824234325355202,2.673196016332891,2.5400049929145854,-2.0231951319639663
DMA,1,13,1,1,0,-3.7122655753764326,-4.85689782215317,-3.7262807618623626,0.6735042559599348,-0.09520588088395439,2.520760992748481,-0.8463770468225403,1.4110660308926204,1.2196670235682727,2.6862145998822804,-0.7922412319040593,-1.9229566421065671,-0.029636960906298016
DMA,1,13,1,1,0,3.1109560259582376,-5.312583703308065,5.270825414872513,-0.2813654555188523,-0.4824545148461083,-4.196979002685042,0.12056359506028091,-1.6962757913352704,-1.109106221731174,1.5929532640997814,1.5264672701724402,3.246808923832679,0.514569689577347
DMA,1,13,1,1,0,7.865709855729885,-2.426867809320049,-5.033224521821326,-0.2919906007614493,-3.0789509771884997,-0.10824027974344497,-0.4302612026080817,-2.2836685564223704,-3.9750834219255613,4.613346879910315,-2.5697075563048664,-4.388194514082596,-1.908335547960688
DMA,1,13,1,1,0,-0.35076344804919185,1.4172908508504016,3.1240086511074368,2.5786387086280342,-1.095916677788173,-4.688634564769856,0.5617488303423883,0.26994491089052863,-2.565109385381603,-0.03887741519976472,2.1296381444734336,-3.9315304699343976,-1.175691415538997
TSA,1,5,1,1,0,3.855731786075885,-3.518739681428385,-3.3127520662376213,6.055571395610687,-1.3678181383430552,-0.3561423198111454,-2.20094892171196,0.2984330083359313,-2.873519823669158,-0.0940791804176753,-0.26932722136277376,3.0716784651190028,-3.2705661717378938
TSA,1,5,1,1,0,0.13847889892226567,-4.811374836866868,-7.875053782245529,-1.987214556878496,2.222638503627893,2.050718908108874,-4.376517323266903,-0.004258108220560556,-0.7567617423813046,1.381482586338916,1.2076663758651045,-1.2431950089262886,0.38298891964969106
TSA,1,5,1,1,0,-10.414018356902126,-2.4014438536558456,-0.6738821321044552,-4.5761748809816245,0.609837518445579,3.2745275792396558,0.3999157476560331,-1.5270988484636487,0.034248060279632925,-0.8419741705636118,0.7906679599926482,0.053189321174861935,0.055854643006519974
TSA,1,5,1,1,0,0.4033461337903826,-6.262354499011449,5.616849488543189,-2.7122005204782638,-1.5379767361625318,-0.9670486008362793,-4.538443853689694,3.9083280260848667,-2.891538378763422,2.9573455779456745,2.314960255401147,4.430766610593287,0.43515004315160416
TSA,1,5,1,1,0,6.582498425202493,-1.1583778207015223,-6.15473647085927,-2.304044125422998,0.9029098435962561,-0.5191799410493925,-0.5882526152638504,0.2602784022927082,-0.32169979863432935,2.2563151311677268,-4.050452900439439,1.8118427151949084,2.8653905412021743
TSA,1,5,1,1,0,-2.6341914376341844,-7.878249369706035,3.586293030482869,-2.7873752544182175,-2.86024629879454,0.13035270312393296,-0.7841707765737751,4.706409803364665,-2.49807759333101,1.4347897017421896,1.6029034131531363,0.9011344028979457,-0.8714471881671809
TSA,1,5,1,1,0,5.389903979846926,3.7553625260053556,-2.677124511507026,-0.7184898013654165,-2.97414334140023,0.8268427126271115,3.854792500185097,-0.7977259349780412,0.4893693593450753,5.720990851615752,0.5942740806152612,-0.7024076513802904,3.732716426909142
TSA,1,5,1,1,0,5.864548711000008,0.36338848814898045,5.429136375069292,0.9879587566038565,7.781388550750291,3.7922240374359877,-1.6303413358123864,-0.7165275003702063,1.5249344913701983,0.911352374297494,-3.1694130962506457,2.0604375005099547,-2.7350150627144623
TSA,1,5,1,1,0,-0.46715650069913894,-4.6323589360215545,1.6949049782339523,0.8312442881505224,-0.3442907583919529,-2.080387626338329,-0.2082665693402621,2.5793320073248465,1.1924372052227286,-0.02933015285997159,1.8405123212459211,-1.6591193593430151,-0.3241743310982036
TSA,1,5,1,1,0,-2.490727485095081,4.131133806805461,2.259893599921475,-1.9027766864344577,-5.184780708469754,5.164255786846406,0.9241879459584089,-0.1658697593259482,-0.016298702072474268,0.17322512680426877,-0.32285709914939364,2.6897536476555404,2.421822040969943
TSA,1,5,1,1,0,-4.534409377501275,3.6483617667912007,1.7479599514269102,-7.202110522997552,2.5242501338081134,-2.1774993116337624,0.13896008935327803,-3.4903213853437483,0.22191525474688925,0.7603588706003978,-1.1516176560121663,1.3011752742683627,0.6779480221979026
TSA,1,5,1,1,0,-4.062133816782681,4.029377883309401,-0.6717458065693791,-5.189111509257784,-0.7106908405467379,4.162395361824477,1.1932516754571572,1.284399767941334,-2.2872185731536305,-1.846774191362502,-1.6542872757952245,0.6840669553770466,3.7231415047783334
TSA,1,5,1,1,0,-3.236524531583441,-5.706186778934169,-1.4251268082482782,-3.0007488317865585,1.5902610431420652,-3.901823730648906,3.883290542925862,-3.3654724349015788,1.2905674231741269,-0.2892047742921873,-0.5828316362447762,0.012250860634762828,2.7657077208265615
TSA,1,5,1,1,0,-2.1556195871166834,10.64602713039464,1.9363567974994116,-2.7789403911215973,-1.3808038010147323,1.6075774917109849,-1.884023044730929,0.3701266153077114,-1.3860315993344272,-0.8841336065477765,-0.7334810231851273,1.1501645069946242,-1.1573487265015294
TSA,1,5,1,1,0,-0.11818791502184514,-1.1483005267920077,12.797706575723064,12.858058890188905,20.416409435730916,16.350388489548006,5.125671209985908,1.2408004214127142,-4.80122138748135,3.4804634623517465,2.914091621487718,-0.4386941765705275,1.0890791334061123
TSA,1,5,1,1,0,-2.4353261945307074,5.713443755389443,2.5229200671032284,-1.3995350484717974,3.798116397080485,-3.0529602954824715,-0.14288265156778213,-1.6384298846813197,0.3282028180754409,-4.260078341832881,0.32658338030192785,0.39122252017847325,-0.3881113402931608
TSA,1,5,1,1,0,15.987513655167666,-5.1205627012523145,-0.005760277186765659,-7.8119674384876925,0.23802264320224273,2.8959586635521917,5.14278266460347,-2.894241277210122,0.11619043437342343,0.22433417995610763,-0.30156170330193866,1.3577974846851089,-2.400098640037433
TSA,1,5,1,1,0,0.3637379813098351,11.958632159958135,1.977875423996603,1.5249017138268368,-3.3632330027178763,-0.9963207008127736,1.568459299102794,0.2806139442661992,0.8907336437523302,1.8384988067576151,0.6659615953420855,-0.4397400085989485,-0.1667117516313937
TSA,1,5,1,1,0,2.529322075961586,14.72251403303763,0.41060908209423486,3.8702296933313045,-4.288644201117412,0.004267836122309863,-1.8825574225836017,-0.7508147880735083,1.1469206846025697,2.5146838039102586,3.0610857493694232,0.8782719085604179,1.213033887556534
TSA,1,5,1,1,0,6.715113387965733,-2.125967631013112,-1.6898928113033629,3.217796491083319,-5.657926089241259,3.079707277855754,-2.7701353145154033,-3.287007609261242,-2.6800260980380908,2.4747471575418496,-0.9286272821009863,0.794373263600685,0.7262853659321272
TSA,1,5,1,1,0,-2.256772921207847,-6.301018375864072,-7.67679904380188,1.4882314358778095,0.14370093448127513,1.5188576842774106,-2.7309596346441065,-0.49508775875183725,1.9344722394811287,1.2677538502054533,1.3421102200189272,-1.6143361033348134,-1.0435975929708705
TSA,1,5,1,1,0,-0.6072216403096149,5.651811547036062,1.0712778562394814,-3.452864887455595,2.6604422577657822,1.1012380574717884,2.2156162703975455,-0.599040388883599,-0.06046477461092415,1.929091402765815,0.4629867365145003,-0.008562730918212993,0.7784776342677576
TSA,1,5,1,1,0,-6.880188982719937,-4.690953654548749,0.6498397914374054,2.9145215847683583,-3.1622328325830025,0.5595843626721454,1.4199236746709885,-0.18867031299413378,0.6756748386419758,-0.3666774359536083,1.5794622327911627,0.08647946125896527,-1.1808147750716045
TSA,1,5,1,1,0,-1.6415553775623448,-4.331440833819395,4.196527225573143,0.9292550762215653,-1.9014421680537654,-1.9033204742872536,2.316272763627469,-0.5131589451841733,-1.6973940111570467,-0.018296051707320397,-1.581094882437758,-0.6910185657444491,1.696641914378216
TSA,1,5,1,1,0,14.842830965849311,-4.525120695652252,-2.9484730151223437,-7.085718643362099,-2.7367143701235235,3.367677873036386,4.173040173775792,0.7912238379659076,3.823397430267821,-1.579802785925339,1.9435984755238995,1.486089523192296,-1.273524819046427
TSA,1,5,1,1,0,-7.999823286544221,-2.124664525078144,-5.326867809546232,0.6335176148058532,1.282531580942471,0.9629669052436786,2.1344351929195198,0.4977917619538589,1.6303261466241696,0.35379437272069314,2.36316960345497,1.1714900517461977,-0.5914039036712555
TSA,1,5,1,1,0,0.3114733621881868,7.018037048144941,1.1207138235007483,-1.7517587004384796,1.4196016820803288,1.5005668290947065,-5.26853477507476,-1.9700333625272264,0.9123297830533631,-3.3870011066954246,-3.2626477375937317,-2.0528186104720882,-0.3912907412943535
TSA,1,5,1,1,0,-4.5282928304262215,-4.496448642280661,-8.373382843443547,0.008869336647146373,1.6920982738168708,2.455462742254237,-3.263414332016117,-2.0801499961160137,-1.5099440450005235,0.3833891441648224,-0.40636781792722054,-3.8592881191735904,0.7652030983619744
TSA,1,5,1,1,0,0.9869026067956919,-1.6490777125797695,6.829375597930008,7.1543288915156,-6.6488381368397045,-0.21980058033037417,-0.8255440573280127,-2.9453187382450365,-1.809900295481533,-1.9114179941116805,-2.066452998042217,1.448601400310405,2.5471205323776047
TSA,1,5,1,1,0,3.2818272413825915,0.2774554076357746,3.8667454082574277,5.246685216584222,-1.2836362635843954,-0.9994516068898801,2.844026897976188,0.5834969426368353,0.9712612744798235,-1.315253888579208,0.9916711750248935,-3.565396673619289,-1.2109977344114078
TSA,1,5,1,1,0,-10.021182490589057,0.8557216339700635,-1.5563093918220214,-0.7180102114141992,-0.04392029694653514,1.7438482690866572,1.098317144289976,0.33233240622311544,1.3178761805566155,-1.9809565831923728,-1.3621818378260961,1.168577844632262,0.8737380864877181
TSA,1,5,1,1,0,-8.417627567313028,-4.728843342189813,1.2114738868911186,-2.7668323757565694,0.6630362900278366,-0.6259375516052862,1.4244468780529151,-0.7581877006823438,-0.026987670073570526,0.7485481353372464,0.1278994544722797,2.414335634592362,0.28946920439875445
TSA,1,5,1,1,0,1.8376999248496657,-5.42376688202582,4.539091897834021,0.4551216986005434,1.0120583325937702,0.879422094390241,4.349909038882316,1.2105653528057503,1.6555659882508649,-1.7437868493727045,-3.033446776875348,-0.03248685102077731,1.810623946427948
TSA,1,5,1,1,0,-5.55709402781221,1.8913613514480472,4.477281348354372,1.9086037893258048,-3.247211471446897,0.23698167954113572,-0.3042693784858829,1.180607467317253,-1.278748641069401,-2.248278523524277,-5.849613589861885,1.577786605364041,1.9170639266360607
TSA,1,5,1,1,0,-6.722589582993415,-4.582150475465695,-3.1983528098406553,-1.5057701541363786,2.1993662578528195,0.4303076599133207,0.8217362854324081,2.0375101478586926,2.2597279220865287,2.4666327859488777,-0.48258239706714906,-0.14227006018831725,-0.014407546734558564
TSA,1,5,1,1,0,-6.826057806030314,5.805106333658227,-0.7672065721219666,-3.173764324539567,1.2279386697725985,1.8442925636741252,-1.2715516683863821,0.022592469457337703,-0.30083830730280986,-1.0326484587689448,-0.8801688955416634,0.5198368506139056,-0.5716468206256078
TSA,1,5,1,1,0,-6.448471462381269,-0.43793720180760554,5.398509160398887,-5.287700671286482,-0.22658541198488721,3.5604294509479444,-4.5497711085887405,6.813938965444174,-1.0792949758918202,-1.905391165983027,-3.2164064420977554,-1.809571007888944,-1.5249152912367574
TSA,1,5,1,1,0,-0.928790506163451,-3.814329011982501,7.230206547904526,2.609400565761588,-3.9082111226368315,-1.877495530670445,-1.5468460667586523,-2.103319288001042,-0.10770136358421066,4.21374877177894,-3.1153636173787946,-0.0570438141203299,0.382299771800157
TSA,1,5,1,1,0,2.568000270044407,-0.9338457875145844,1.3640978063561617,3.437782681874607,-0.1430832502252939,1.0461182270223133,-2.6523893593151846,1.4211678826049448,6.213023106032305,-0.790544317790476,-1.0997249453380757,0.7427751733102387,-0.4865684227918596
TSA,1,5,1,1,0,6.8144912815399366,5.790589904507791,-5.10306076129551,1.0865780441012676,-1.7698693318880758,-0.5181481618761288,-1.427257523586469,2.7900648129984424,0.8969250315481903,2.3455468695766086,-2.50020597953308,0.234863809060599,0.13121361414009064
TSA,1,5,1,1,0,-7.632833213088293,-4.55707176836335,1.5265517799269803,-0.4154874099825456,-3.102416158579105,3.045582677972817,0.6349694575033348,-0.04697567984112684,3.2041529694641335,1.5315241303983953,-1.1761424069850293,-0.1033705525240815,-0.44463279236163916
TSA,1,5,1,1,0,14.467932001167611,-5.781141108612853,-1.8296641912332607,-9.01254168144839,-0.3649945393532454,2.9565821658858304,7.172923778217661,-0.6129035953179831,1.2298079450076609,-0.20838964186353437,1.2510166386505268,-1.0569310659428026,-1.4789763672461151
TSA,1,5,1,1,0,-6.6747583005412015,0.31945871336368853,-3.7328095000686505,-1.0429796335773842,-3.3859811198642014,3.913376733401554,1.272977434421172,0.6668448571160147,1.9256399900445886,-0.892338991376478,0.29745807865153895,-2.319141160333601,0.524059404093061
TSA,1,5,1,1,0,-6.377027462589588,-2.4976835900752485,1.1671811161079155,-2.598496688608443,-3.422680541846366,3.989699784813237,-1.3558598003159528,2.327190144690693,-1.0989798343690769,-2.86545815384894,0.45490045188502126,-1.5841634959253121,-1.5323342548870644
TSA,1,5,1,1,0,4.239226496747903,1.5909392010658172,3.108997702023629,-0.6430757488051387,-2.6608702051655984,-0.6859667606861832,-0.907186435403142,-1.954999917713448,6.75605612180866,-3.1774177848315888,2.1644066468708822,-1.4376764110071132,2.5454395731809973
TSA,1,5,1,1,0,-4.306268472876682,-0.34077737738418135,0.10305529202556897,3.2850412114049012,-1.8733940313859032,1.401773919182006,2.957057859174673,1.9835343754455783,-0.4163972573464978,-1.4992198840398208,-0.3712297788363389,-1.5770734557833241,-0.7896151054341105
TSA,1,5,1,1,0,-6.686513684978491,3.401078042760056,-3.4618131640983045,0.31007281728359315,-0.6056727612778311,0.022141537432175114,1.7663148223150005,-0.9383791856651403,0.9653630705655833,-1.7438765107484606,-2.8880747755974148,0.8574722745883696,-0.01933062093657481
TSA,1,5,1,1,0,2.408506498013612,14.705574136267078,-0.8976569678789766,0.23669520035922573,-3.7447504380478187,0.17475713134648552,-2.0598627876869307,1.0448715036833356,1.1776332686357758,2.6123348558913224,3.344522547022423,0.788379621196561,-0.5290752708122775
