ORF,Name,Allele,StrainID,Plate,Row,Column,Time,score,is_inlier
YOR202W,HIS3,his3,tsa1,1,1,1,6,-0.00026755947120529755,True
YOR202W,HIS3,his3,tsa1,1,1,1,6,-9.16157717824051e-05,True
YOR202W,HIS3,his3,tsa1,1,1,1,6,5.1350796067495263e-05,False
YOR202W,HIS3,his3,tsa1,1,1,1,6,-0.00012499472141214163,True
YOR202W,HIS3,his3,tsa1,1,1,1,6,-0.00037586118571042437,True
YOR202W,HIS3,his3,tsa1,1,1,1,6,-0.00018700703905250027,True
YOR202W,HIS3,his3,tsa1,1,1,1,6,0.0004014522937099141,False
YOR202W,HIS3,his3,tsa1,1,1,1,6,-0.0002061143283956235,True
YOR202W,HIS3,his3,tsa1,1,1,1,6,-0.005498327844737777,True
YOR202W,HIS3,his3,tsa1,1,1,1,6,2.1542061196561102e-05,False
YOR202W,HIS3,his3,tsa1,1,1,1,6,0.00010563819909767402,False
YOR202W,HIS3,his3,tsa1,1,1,1,6,-0.000342150654318224,True
YOR202W,HIS3,his3,tsa1,1,1,1,6,-0.0003892727034164878,True
YOR202W,HIS3,his3,tsa1,1,1,1,6,0.00012585757734631664,False
YOR202W,HIS3,his3,tsa1,1,1,1,6,0.0002494295618186426,False
YOR202W,HIS3,his3,tsa1,1,1,1,6,-0.017316243150034466,True
YOR202W,HIS3,his3,tsa1,1,1,1,6,6.445243223229813e-05,False
YOR202W,HIS3,his3,tsa1,1,1,1,6,-0.00030452320767665464,True
YOR202W,HIS3,his3,tsa1,1,1,1,6,-0.00028950927099499757,True
YOR202W,HIS3,his3,tsa1,1,1,1,6,0.0004988408591576066,False
YOR202W,HIS3,his3,tsa1,1,1,1,6,-0.00016088444354556142,True
YOR202W,HIS3,his3,tsa1,1,1,1,6,-5.386075621954811e-05,True
YOR202W,HIS3,his3,tsa1,1,1,1,6,-5.9056235077764585e-05,True
YOR202W,HIS3,his3,tsa1,1,1,1,6,-3.87541192230223e-05,True
YOR202W,HIS3,his3,tsa1,1,1,1,6,3.887140992075988e-05,False
YOR202W,HIS3,his3,tsa1,1,1,1,6,0.0004731592384930039,False
YOR202W,HIS3,his3,tsa1,1,1,1,6,0.0001853205363339938,False
YOR202W,HIS3,his3,tsa1,1,1,1,6,-0.00012714971997437874,True
YOR202W,HIS3,his3,tsa1,1,1,1,6,0.0003948118040934534,False
YOR202W,HIS3,his3,tsa1,1,1,1,6,2.4699338762312895e-05,False
YOR202W,HIS3,his3,tsa1,1,1,1,6,-0.0002574947845340181,True
YOR202W,HIS3,his3,tsa1,1,1,1,6,-0.00015989979672742516,True
YOR202W,HIS3,his3,tsa1,1,1,1,6,0.00047273372203335273,False
YOR202W,HIS3,his3,tsa1,1,1,1,6,0.0005651534687405035,False
YOR202W,HIS3,his3,tsa1,1,1,1,6,-0.00031311868417144284,True
YOR202W,HIS3,his3,tsa1,1,1,1,6,7.033555509891598e-05,False
YOR202W,HIS3,his3,tsa1,1,1,1,6,-0.00503320316613895,True
YOR202W,HIS3,his3,tsa1,1,1,1,6,-0.07565264893187168,True
YOR202W,HIS3,his3,tsa1,1,1,1,6,0.0005896178101400529,False
YOR202W,HIS3,his3,tsa1,1,1,1,6,0.00011607922804435233,False
YOR202W,HIS3,his3,tsa1,1,1,1,6,-0.00032108785451989696,True
YOR202W,HIS3,his3,tsa1,1,1,1,6,-5.234268830986433e-05,True
YOR202W,HIS3,his3,tsa1,1,1,1,6,-6.217861345469977e-06,True
YOR202W,HIS3,his3,tsa1,1,1,1,6,4.171743332401223e-05,False
YOR202W,HIS3,his3,tsa1,1,1,1,6,0.00038509605352829435,False
YOR202W,HIS3,his3,tsa1,1,1,1,6,-0.006941099860706512,True
YOR202W,HIS3,his3,tsa1,1,1,1,6,-2.7791667537108156e-05,True
YOR202W,HIS3,his3,tsa1,1,1,1,6,-0.04297471024970148,True
YOR202W,HIS3,his3,tsa1,1,1,1,6,-0.00022433195796689454,True
YOR202W,HIS3,his3,tsa1,1,1,1,6,-8.028832590353807e-05,True
YOR202W,HIS3,his3,tsa1,1,1,1,6,-0.0003383725203775223,True
YOR202W,HIS3,his3,tsa1,1,1,1,6,-0.0003505289739804962,True
YOR202W,HIS3,his3,tsa1,1,1,1,6,0.0005729809914399864,False
YOR202W,HIS3,his3,tsa1,1,1,1,6,8.924593025375072e-05,False
YOR202W,HIS3,his3,tsa1,1,1,1,6,0.00041389156003107663,False
YOR202W,HIS3,his3,tsa1,1,1,1,6,-0.0002288021103841742,True
YOR202W,HIS3,his3,tsa1,1,1,1,6,-0.00012834911270823146,True
YOR202W,HIS3,his3,tsa1,1,1,1,6,4.401626595659791e-05,False
YOR202W,HIS3,his3,tsa1,1,1,1,6,-6.990595917191755e-05,True
YOR202W,HIS3,his3,tsa1,1,1,1,6,-0.00017409041547164494,True
YOR202W,HIS3,his3,tsa1,1,1,1,6,0.00014590759193733316,False
YOR202W,HIS3,his3,tsa1,1,1,1,6,-1.7963932281539474e-05,True
YOR202W,HIS3,his3,tsa1,1,1,1,6,-0.06577393492969971,True
YOR202W,HIS3,his3,tsa1,1,1,1,6,-0.00011189538802730548,True
YOR202W,HIS3,his3,tsa1,1,1,1,6,-0.00027934974708807014,True
YOR202W,HIS3,his3,tsa1,1,1,1,6,0.00036495110925352514,False
YOR202W,HIS3,his3,tsa1,1,1,1,6,9.145544675706607e-05,False
YOR202W,HIS3,his3,tsa1,1,1,1,6,6.927811999932199e-05,False
YOR202W,HIS3,his3,tsa1,1,1,1,6,-2.294205137515215e-05,True
YOR202W,HIS3,his3,tsa1,1,1,1,6,-0.06104256302003533,True
YOR202W,HIS3,his3,tsa1,1,1,1,6,0.0001613412725152974,False
YOR202W,HIS3,his3,tsa1,1,1,1,6,-0.00034839437894851333,True
YOR202W,HIS3,his3,tsa1,1,1,1,6,9.540804621846477e-05,False
YOR202W,HIS3,his3,tsa1,1,1,1,6,0.0002547324633055126,False
YOR202W,HIS3,his3,tsa1,1,1,1,6,9.216492189315084e-05,False
YOR202W,HIS3,his3,tsa1,1,1,1,6,-0.00019045751879886996,True
YOR202W,HIS3,his3,tsa1,1,1,1,6,-0.0003068049199574374,True
YOR202W,HIS3,his3,tsa1,1,1,1,6,-1.1179360805635419e-05,True
YOR202W,HIS3,his3,tsa1,1,1,1,6,3.77988544082164e-05,False
YOR202W,HIS3,his3,tsa1,1,1,1,6,0.0004199780386314744,False
YOR202W,HIS3,his3,tsa1,1,1,1,6,3.574822331059435e-05,False
YOR202W,HIS3,his3,tsa1,1,1,1,6,-0.00018802865536368674,True
YOR202W,HIS3,his3,tsa1,1,1,1,6,-0.0002864622301614328,True
YOR202W,HIS3,his3,tsa1,1,1,1,6,0.00011287368097870343,False
YOR202W,HIS3,his3,tsa1,1,1,1,6,3.402310259054131e-05,False
YOR202W,HIS3,his3,tsa1,1,1,1,6,0.0002562055125532592,False
YOR202W,HIS3,his3,tsa1,1,1,1,6,0.0002117718210537245,False
YOR202W,HIS3,his3,tsa1,1,1,1,6,0.0004463026172452089,False
YOR202W,HIS3,his3,tsa1,1,1,1,6,-4.4644986968822575e-05,True
YOR202W,HIS3,his3,tsa1,1,1,1,6,5.092841462778219e-05,False
YOR202W,HIS3,his3,tsa1,1,1,1,6,-3.111734271937783e-05,True
YOR202W,HIS3,his3,tsa1,1,1,1,6,6.296107311914989e-05,False
YOR202W,HIS3,his3,tsa1,1,1,1,6,0.00024288734933125555,False
YOR202W,HIS3,his3,tsa1,1,1,1,6,0.00041001274469690263,False
YOR202W,HIS3,his3,tsa1,1,1,1,6,6.169143199730165e-05,False
YOR202W,HIS3,his3,tsa1,1,1,1,6,-0.0001164580654477998,True
YOR202W,HIS3,his3,tsa1,1,1,1,6,9.642560228101393e-05,False
YOR202W,HIS3,his3,tsa1,1,1,1,6,-8.253328497745405e-05,True
YOR202W,HIS3,his3,tsa1,1,1,1,6,-6.24998042797753e-05,True
YOR202W,HIS3,his3,tsa1,1,1,1,6,0.0005277366935424188,False
YOR202W,HIS3,his3,tsa1,1,1,1,6,0.0005365195011036716,False
YOR202W,HIS3,his3,tsa1,1,1,1,6,-0.0331381212445703,True
YOR202W,HIS3,his3,tsa1,1,1,1,6,-0.0002595460905468472,True
YOR202W,HIS3,his3,tsa1,1,1,1,6,0.0001097933631035164,False
YOR202W,HIS3,his3,tsa1,1,1,1,6,-0.014586559787140574,True
YOR202W,HIS3,his3,tsa1,1,1,1,6,5.860330457754803e-05,False
YOR202W,HIS3,his3,tsa1,1,1,1,6,0.00010311450658162524,False
YOR202W,HIS3,his3,tsa1,1,1,1,6,-0.00020836419753197943,True
YOR202W,HIS3,his3,tsa1,1,1,1,6,0.0005642030235814555,False
YOR202W,HIS3,his3,tsa1,1,1,1,6,0.0006043603551977861,False
YOR202W,HIS3,his3,tsa1,1,1,1,6,0.00010502966793154989,False
YOR202W,HIS3,his3,tsa1,1,1,1,6,6.563515178362178e-05,False
YOR202W,HIS3,his3,tsa1,1,1,1,6,0.00010246060366123078,False
YOR202W,HIS3,his3,tsa1,1,1,1,6,-0.0002130286772050738,True
YOR202W,HIS3,his3,tsa1,1,1,1,6,-3.378110425109049e-05,True
YOR202W,HIS3,his3,tsa1,1,1,1,6,-0.0001999127063225803,True
YOR202W,HIS3,his3,tsa1,1,1,1,6,-4.439763887967296e-05,True
YOR202W,HIS3,his3,tsa1,1,1,1,6,-0.00019712518984005278,True
YOR202W,HIS3,his3,tsa1,1,1,1,6,0.00010359163299578089,False
YOR202W,HIS3,his3,tsa1,1,1,1,6,-0.0003272765143651213,True
YOR202W,HIS3,his3,tsa1,1,1,1,6,0.00019090171839469816,False
YOR202W,HIS3,his3,tsa1,1,1,1,6,0.0004417389047325915,False
YOR202W,HIS3,his3,tsa1,1,1,1,6,1.3662984780893339e-05,False
YOR202W,HIS3,his3,tsa1,1,1,1,6,6.943102955134228e-05,False
YOR202W,HIS3,his3,tsa1,1,1,1,6,-0.00022139100138324208,True
YOR202W,HIS3,his3,tsa1,1,1,1,6,0.00010121611045002532,False
YOR202W,HIS3,his3,tsa1,1,1,1,6,4.920210631018107e-05,False
YOR202W,HIS3,his3,tsa1,1,1,1,6,0.0002874723531886836,False
YOR202W,HIS3,his3,tsa1,1,1,1,6,0.0002709926029879628,False
YOR202W,HIS3,his3,tsa1,1,1,1,6,0.00015371571315744847,False
YOR202W,HIS3,his3,tsa1,1,1,1,6,-0.00028155398998402914,True
YOR202W,HIS3,his3,tsa1,1,1,1,6,-0.051130875109266366,True
YOR202W,HIS3,his3,tsa1,1,1,1,6,0.00030924756977127044,False
YOR202W,HIS3,his3,tsa1,1,1,1,6,0.0004616785829938408,False
YOR202W,HIS3,his3,tsa1,1,1,1,6,0.0003025894366024684,False
YOR202W,HIS3,his3,tsa1,1,1,1,6,-0.00024187266052544398,True
YOR202W,HIS3,his3,tsa1,1,1,1,6,3.877142672056855e-05,False
YOR202W,HIS3,his3,tsa1,1,1,1,6,-0.00028918753550075116,True
YOR202W,HIS3,his3,tsa1,1,1,1,6,-0.00022612496032214935,True
YOR202W,HIS3,his3,tsa1,1,1,1,6,-0.04584937630402322,True
YOR202W,HIS3,his3,tsa1,1,1,1,6,-6.563018794594755e-05,True
YOR202W,HIS3,his3,tsa1,1,1,1,6,-2.592873324136491e-05,True
YOR202W,HIS3,his3,tsa1,1,1,1,6,-0.0001375760037371221,True
YOR202W,HIS3,his3,tsa1,1,1,1,6,0.00046074057766398724,False
YOR202W,HIS3,his3,tsa1,1,1,1,6,2.0859096556663514e-05,False
YOR202W,HIS3,his3,tsa1,1,1,1,6,9.225834412743272e-05,False
YOR202W,HIS3,his3,tsa1,1,1,1,6,9.342358879385615e-05,False
YOR202W,HIS3,his3,tsa1,1,1,1,6,0.00036071103161799956,False
YOR202W,HIS3,his3,tsa1,1,1,1,6,-0.00022822255934210056,True
YOR202W,HIS3,his3,tsa1,1,1,1,6,5.712276833855223e-05,False
YOR202W,HIS3,his3,tsa1,1,1,1,6,-0.01209809410304602,True
YOR202W,HIS3,his3,tsa1,1,1,1,6,0.00010359147435104465,False
YOR202W,HIS3,his3,tsa1,1,1,1,6,-1.2490225383632314e-05,True
YOR202W,HIS3,his3,tsa1,1,1,1,6,-9.391229449445815e-05,True
YOR202W,HIS3,his3,tsa1,1,1,1,6,-1.4694381521296318e-05,True
YOR202W,HIS3,his3,tsa1,1,1,1,6,-7.374666216858339e-05,True
YOR202W,HIS3,his3,tsa1,1,1,1,6,-0.00026723282753710054,True
YOR202W,HIS3,his3,tsa1,1,1,1,6,-0.00039355090653292457,True
YOR202W,HIS3,his3,tsa1,1,1,1,6,-0.00011724341622249002,True
YOR202W,HIS3,his3,tsa1,1,1,1,6,0.00011365493921366987,False
YOR202W,HIS3,his3,tsa1,1,1,1,6,0.00010890309385824803,False
YOR202W,HIS3,his3,tsa1,1,1,1,6,-0.0003706241955223344,True
YOR202W,HIS3,his3,tsa1,1,1,1,6,0.00022523512698807702,False
YOR202W,HIS3,his3,tsa1,1,1,1,6,-0.00013957801595271269,True
YOR202W,HIS3,his3,tsa1,1,1,1,6,0.00031617198796476953,False
YOR202W,HIS3,his3,tsa1,1,1,1,6,9.213507122715625e-05,False
YOR202W,HIS3,his3,tsa1,1,1,1,6,-0.0003452551694758388,True
YOR202W,HIS3,his3,tsa1,1,1,1,6,-0.00018074521020328138,True
YOR202W,HIS3,his3,tsa1,1,1,1,6,7.917665606496649e-05,False
YOR202W,HIS3,his3,tsa1,1,1,1,6,-6.260716860920224e-05,True
YOR202W,HIS3,his3,tsa1,1,1,1,6,0.00014573955153621143,False
YOR202W,HIS3,his3,tsa1,1,1,1,6,-7.309374547084801e-05,True
YOR202W,HIS3,his3,tsa1,1,1,1,6,-0.0003572820093431517,True
YOR202W,HIS3,his3,tsa1,1,1,1,6,-0.00033888678858723376,True
YOR202W,HIS3,his3,tsa1,1,1,1,6,-0.00039469845457568153,True
YOR202W,HIS3,his3,tsa1,1,1,1,6,-8.032163614754562e-05,True
YOR202W,HIS3,his3,tsa1,1,1,1,6,-0.0002814780966259034,True
YOR202W,HIS3,his3,tsa1,1,1,1,6,0.00025871830168774923,False
YOR202W,HIS3,his3,tsa1,1,1,1,6,-8.934504472368765e-05,True
YOR202W,HIS3,his3,tsa1,1,1,1,6,-8.243349384437493e-05,True
YOR202W,HIS3,his3,tsa1,1,1,1,6,-0.00018094869831930538,True
YOR202W,HIS3,his3,tsa1,1,1,1,6,-0.00010583363583896443,True
YOR202W,HIS3,his3,tsa1,1,1,1,6,-0.00017867927791095917,True
YOR202W,HIS3,his3,tsa1,1,1,1,6,-0.00011908914756961209,True
YOR202W,HIS3,his3,tsa1,1,1,1,6,-0.0001020224854376417,True
YOR202W,HIS3,his3,tsa1,1,1,1,6,-0.0002421337854508765,True
YOR202W,HIS3,his3,tsa1,1,1,1,6,-7.20714222715857e-05,True
YOR202W,HIS3,his3,tsa1,1,1,1,6,-0.00029104164526158605,True
YOR202W,HIS3,his3,tsa1,1,1,1,6,0.00027798954324234626,False
YOR202W,HIS3,his3,tsa1,1,1,1,6,-0.0002502776993665301,True
YOR202W,HIS3,his3,tsa1,1,1,1,6,-0.0003078973526644546,True
YOR202W,HIS3,his3,tsa1,1,1,1,6,0.00031661346628794607,False
YOR202W,HIS3,his3,tsa1,1,1,1,6,0.00010157478787614638,False
YOR202W,HIS3,his3,tsa1,1,1,1,6,3.259223004592471e-06,False
YOR202W,HIS3,his3,tsa1,1,1,1,6,0.0001648324234722054,False
YOR202W,HIS3,his3,tsa1,1,1,1,6,-0.000196069314165076,True
YOR202W,HIS3,his3,tsa1,1,1,1,6,4.489365740514839e-05,False
YOR202W,HIS3,his3,tsa1,1,1,1,6,-0.00031466435803534365,True
YOR202W,HIS3,his3,tsa1,1,1,1,6,0.00018691082557772964,False
YOR202W,HIS3,his3,tsa1,1,1,1,6,0.0005253143790047432,False
YOR202W,HIS3,his3,tsa1,1,1,1,6,-0.031648194983777106,True
YOR202W,HIS3,his3,tsa1,1,1,1,6,-6.91597389455012e-05,True
YOR202W,HIS3,his3,tsa1,1,1,1,6,-0.0002252881574995591,True
YOR202W,HIS3,his3,tsa1,1,1,1,6,-0.00025152015759358215,True
YOR202W,HIS3,his3,tsa1,1,1,1,6,-0.00031354759360799345,True
YOR202W,HIS3,his3,tsa1,1,1,1,6,-8.137406445180018e-05,True
YOR202W,HIS3,his3,tsa1,1,1,1,6,9.689405420645891e-05,False
YOR202W,HIS3,his3,tsa1,1,1,1,6,0.0001017727860610218,False
YOR202W,HIS3,his3,tsa1,1,1,1,6,-0.00011753367979469576,True
YOR202W,HIS3,his3,tsa1,1,1,1,6,0.0003873677752427307,False
YOR202W,HIS3,his3,tsa1,1,1,1,6,8.11113068441005e-05,False
YOR202W,HIS3,his3,tsa1,1,1,1,6,-0.00026234599688687577,True
YOR202W,HIS3,his3,tsa1,1,1,1,6,0.00011105115703582968,False
YOR202W,HIS3,his3,tsa1,1,1,1,6,0.00035028740048212437,False
YOR202W,HIS3,his3,tsa1,1,1,1,6,0.0003299193156164615,False
YOR202W,HIS3,his3,tsa1,1,1,1,6,-0.00029056053441647856,True
YOR202W,HIS3,his3,tsa1,1,1,1,6,-0.00013524593956454334,True
YOR202W,HIS3,his3,tsa1,1,1,1,6,0.0002052863061023369,False
YOR202W,HIS3,his3,tsa1,1,1,1,6,-0.00020855568551769732,True
YOR202W,HIS3,his3,tsa1,1,1,1,6,-0.00014055482201880132,True
YOR202W,HIS3,his3,tsa1,1,1,1,6,9.491466806552107e-05,False
YOR202W,HIS3,his3,tsa1,1,1,1,6,6.389939541837086e-05,False
YOR202W,HIS3,his3,tsa1,1,1,1,6,0.000492993315462098,False
YOR202W,HIS3,his3,tsa1,1,1,1,6,0.0002574172638712402,False
YOR202W,HIS3,his3,tsa1,1,1,1,6,0.00012196111095338913,False
YOR202W,HIS3,his3,tsa1,1,1,1,6,1.0184575625571402e-05,False
YOR202W,HIS3,his3,tsa1,1,1,1,6,-8.067339474590596e-05,True
YOR202W,HIS3,his3,tsa1,1,1,1,6,0.0004612846944284654,False
YOR202W,HIS3,his3,tsa1,1,1,1,6,-0.00025624739361543303,True
YOR202W,HIS3,his3,tsa1,1,1,1,6,0.0001173232576801575,False
YOR202W,HIS3,his3,tsa1,1,1,1,6,1.4570584804945996e-05,False
YOR202W,HIS3,his3,tsa1,1,1,1,6,0.0003953249035776596,False
YOR202W,HIS3,his3,tsa1,1,1,1,6,0.0002702195223742432,False
YOR202W,HIS3,his3,tsa1,1,1,1,6,-0.0001937982355026957,True
YOR202W,HIS3,his3,tsa1,1,1,1,6,8.763638869069279e-05,False
YOR202W,HIS3,his3,tsa1,1,1,1,6,-0.0002736800201406375,True
YOR202W,HIS3,his3,tsa1,1,1,1,6,-0.00021271214657378468,True
YOR202W,HIS3,his3,tsa1,1,1,1,6,0.00032677810575496014,False
YOR202W,HIS3,his3,tsa1,1,1,1,6,-0.0002786025396920022,True
YOR202W,HIS3,his3,tsa1,1,1,1,6,0.00036048396426813234,False
YOR202W,HIS3,his3,tsa1,1,1,1,6,-8.848220802376572e-05,True
YOR202W,HIS3,his3,tsa1,1,1,1,6,0.00017470894184323793,False
YOR202W,HIS3,his3,tsa1,1,1,1,6,0.0004905386708664305,False
YOR202W,HIS3,his3,tsa1,1,1,1,6,6.270723503315478e-05,False
YOR202W,HIS3,his3,tsa1,1,1,1,6,0.00044811316453186034,False
YOR202W,HIS3,his3,tsa1,1,1,1,6,-0.00021552994356061062,True
YOR202W,HIS3,his3,tsa1,1,1,1,6,-0.0001352580025631711,True
YOR202W,HIS3,his3,tsa1,1,1,1,6,-0.034288514574281115,True
YOR202W,HIS3,his3,tsa1,1,1,1,6,0.00020416353582133895,False
YOR202W,HIS3,his3,tsa1,1,1,1,6,-4.245458802981661e-05,True
YOR202W,HIS3,his3,tsa1,1,1,1,6,0.00043692671697523333,False
YOR202W,HIS3,his3,tsa1,1,1,1,6,-0.00018467328931442983,True
YOR202W,HIS3,his3,tsa1,1,1,1,6,-0.00025022845105573954,True
YOR202W,HIS3,his3,tsa1,1,1,1,6,-0.00011251447425103533,True
YOR202W,HIS3,his3,tsa1,1,1,1,6,-0.00030486670784954373,True
YOR202W,HIS3,his3,tsa1,1,1,1,6,0.00011279465815783318,False
YOR202W,HIS3,his3,tsa1,1,1,1,6,-4.453146333963098e-05,True
YOR202W,HIS3,his3,tsa1,1,1,1,6,-0.0021280267950541387,True
YOR202W,HIS3,his3,tsa1,1,1,1,6,9.666052325446595e-05,False
YOR202W,HIS3,his3,tsa1,1,1,1,6,-0.0001275163932175083,True
YOR202W,HIS3,his3,tsa1,1,1,1,6,-0.0001830493994375293,True
YOR202W,HIS3,his3,tsa1,1,1,1,6,0.00012868366860888103,False
YOR202W,HIS3,his3,tsa1,1,1,1,6,-0.00034004768237011485,True
YOR202W,HIS3,his3,tsa1,1,1,1,6,0.00022035897165939566,False
YOR202W,HIS3,his3,tsa1,1,1,1,6,0.00040355641764106,False
YOR202W,HIS3,his3,tsa1,1,1,1,6,0.00035106528202322185,False
YOR202W,HIS3,his3,tsa1,1,1,1,6,0.00026328095961533626,False
YOR202W,HIS3,his3,tsa1,1,1,1,6,0.0002028168341525194,False
YOR202W,HIS3,his3,tsa1,1,1,1,6,-0.0003685058094850535,True
YOR202W,HIS3,his3,tsa1,1,1,1,6,-0.0003000856903835891,True
YOR202W,HIS3,his3,tsa1,1,1,1,6,-7.769025232198801e-05,True
YOR202W,HIS3,his3,tsa1,1,1,1,6,-6.51597345386612e-05,True
YOR202W,HIS3,his3,tsa1,1,1,1,6,0.0002122753657634313,False
YOR202W,HIS3,his3,tsa1,1,1,1,6,-0.0002159219305276905,True
YOR202W,HIS3,his3,tsa1,1,1,1,6,-1.7876371945224623e-05,True
YOR202W,HIS3,his3,tsa1,1,1,1,6,-0.00021815162877814043,True
YOR202W,HIS3,his3,tsa1,1,1,1,6,7.378550687350827e-05,False
YOR202W,HIS3,his3,tsa1,1,1,1,6,0.00015630736231733722,False
YOR202W,HIS3,his3,tsa1,1,1,1,6,-6.849473269696094e-05,True
YOR202W,HIS3,his3,tsa1,1,1,1,6,4.06255985594961e-05,False
YOR202W,HIS3,his3,tsa1,1,1,1,6,-6.584272996440488e-05,True
YOR202W,HIS3,his3,tsa1,1,1,1,6,-0.00023537836792125733,True
YOR202W,HIS3,his3,tsa1,1,1,1,6,9.759084601934642e-05,False
YOR202W,HIS3,his3,tsa1,1,1,1,6,-0.00032591071210774647,True
YOR202W,HIS3,his3,tsa1,1,1,1,6,-0.0003266401711896072,True
YOR202W,HIS3,his3,tsa1,1,1,1,6,0.0005520726418149213,False
YOR202W,HIS3,his3,tsa1,1,1,1,6,-3.218297735063658e-05,True
YOR202W,HIS3,his3,tsa1,1,1,1,6,0.00022416603616470798,False
YOR202W,HIS3,his3,tsa1,1,1,1,6,-0.00021611617569083919,True
YOR202W,HIS3,his3,tsa1,1,1,1,6,-7.4061690948090675e-06,True
YOR202W,HIS3,his3,tsa1,1,1,1,6,-0.00018298810009331756,True
YOR202W,HIS3,his3,tsa1,1,1,1,6,0.0001442606502642385,False
YOR202W,HIS3,his3,tsa1,1,1,1,6,-0.032586538303318535,True
YOR202W,HIS3,his3,tsa1,1,1,1,6,-0.00036768032881293045,True
YOR202W,HIS3,his3,tsa1,1,1,1,6,-4.8246713792082785e-05,True
YOR202W,HIS3,his3,tsa1,1,1,1,6,6.090811022196885e-05,False
YOR202W,HIS3,his3,tsa1,1,1,1,6,-0.0002367538560531235,True
YOR202W,HIS3,his3,tsa1,1,1,1,6,0.0003975680515575508,False
YOR202W,HIS3,his3,tsa1,1,1,1,6,0.00018026837537726825,False
YOR202W,HIS3,his3,tsa1,1,1,1,6,-0.00018232359325104364,True
YOR202W,HIS3,his3,tsa1,1,1,1,6,0.00045558581926130604,False
YOR202W,HIS3,his3,tsa1,1,1,1,6,-0.00017568774178694513,True
YOR202W,HIS3,his3,tsa1,1,1,1,6,-0.0002624523923672739,True
YOR202W,HIS3,his3,tsa1,1,1,1,6,-0.0003099195901462848,True
YOR202W,HIS3,his3,tsa1,1,1,1,6,0.0003171639858136899,False
YOR202W,HIS3,his3,tsa1,1,1,1,6,-5.4917525694947456e-05,True
YOR202W,HIS3,his3,tsa1,1,1,1,6,-9.021579823143e-05,True
YOR202W,HIS3,his3,tsa1,1,1,1,6,0.00034638405670736616,False
YOR202W,HIS3,his3,tsa1,1,1,1,6,-0.0001006696627230963,True
YOR202W,HIS3,his3,tsa1,1,1,1,6,0.0001822264240957383,False
YOR202W,HIS3,his3,tsa1,1,1,1,6,0.0002121976664234415,False
YOR202W,HIS3,his3,tsa1,1,1,1,6,-5.780472278366089e-06,True
YOR202W,HIS3,his3,tsa1,1,1,1,6,-0.00038091786626096025,True
YOR202W,HIS3,his3,tsa1,1,1,1,6,1.4027384408504817e-05,False
YOR202W,HIS3,his3,tsa1,1,1,1,6,0.00010995462815333035,False
YOR202W,HIS3,his3,tsa1,1,1,1,6,-8.965381362721625e-05,True
YOR202W,HIS3,his3,tsa1,1,1,1,6,-0.00018439264272498979,True
YOR202W,HIS3,his3,tsa1,1,1,1,6,0.00011956393097481421,False
YOR202W,HIS3,his3,tsa1,1,1,1,6,0.00010838577243330039,False
YOR202W,HIS3,his3,tsa1,1,1,1,6,-5.050172124687613e-05,True
YOR202W,HIS3,his3,tsa1,1,1,1,6,0.0005597456415994961,False
YOR202W,HIS3,his3,tsa1,1,1,1,6,0.0004960789407154331,False
YOR202W,HIS3,his3,tsa1,1,1,1,6,-8.843927876164837e-05,True
YOR202W,HIS3,his3,tsa1,1,1,1,6,-0.0267887466767614,True
YOR202W,HIS3,his3,tsa1,1,1,1,6,-0.04336559556274194,True
YOR202W,HIS3,his3,tsa1,1,1,1,6,5.289148224935092e-05,False
YOR202W,HIS3,his3,tsa1,1,1,1,6,0.00012230074181199257,False
YOR202W,HIS3,his3,tsa1,1,1,1,6,5.416623285464661e-05,False
YOR202W,HIS3,his3,tsa1,1,1,1,6,-0.04792001959379752,True
YOR202W,HIS3,his3,tsa1,1,1,1,6,0.00012283800739121276,False
YOR202W,HIS3,his3,tsa1,1,1,1,6,0.0004097722628089995,False
YOR202W,HIS3,his3,tsa1,1,1,1,6,-0.00033156840639778085,True
YOR202W,HIS3,his3,tsa1,1,1,1,6,-5.5856843631685305e-05,True
YOR202W,HIS3,his3,tsa1,1,1,1,6,-0.00032858528299908873,True
YOR202W,HIS3,his3,tsa1,1,1,1,6,0.0005865266095314015,False
YOR202W,HIS3,his3,tsa1,1,1,1,6,-0.00030898446826627124,True
YOR202W,HIS3,his3,tsa1,1,1,1,6,-0.00026260658043578133,True
YOR202W,HIS3,his3,tsa1,1,1,1,6,-0.00019670402069049686,True
YOR202W,HIS3,his3,tsa1,1,1,1,6,-0.00024731297518634787,True
YOR202W,HIS3,his3,tsa1,1,1,1,6,-4.289524719780502e-05,True
YOR202W,HIS3,his3,tsa1,1,1,1,6,0.00010386724426647564,False
YOR202W,HIS3,his3,tsa1,1,1,1,6,0.00041314310706105917,False
YOR202W,HIS3,his3,tsa1,1,1,1,6,-0.00023679056507633356,True
YOR202W,HIS3,his3,tsa1,1,1,1,6,-8.381523873507435e-05,True
YOR202W,HIS3,his3,tsa1,1,1,1,6,-1.7109313583646424e-05,True
YOR202W,HIS3,his3,tsa1,1,1,1,6,-2.1276178107404453e-05,True
YOR202W,HIS3,his3,tsa1,1,1,1,6,-0.00021939319663275003,True
YOR202W,HIS3,his3,tsa1,1,1,1,6,-0.00011075458638995506,True
YOR202W,HIS3,his3,tsa1,1,1,1,6,-6.86018370507635e-06,True
YOR202W,HIS3,his3,tsa1,1,1,1,6,-0.0001745050089690392,True
YOR202W,HIS3,his3,tsa1,1,1,1,6,7.312345284388178e-05,False
YOR202W,HIS3,his3,tsa1,1,1,1,6,-0.0002011566816707,True
YOR202W,HIS3,his3,tsa1,1,1,1,6,-0.000248903461221861,True
YOR202W,HIS3,his3,tsa1,1,1,1,6,-0.0001683912734851134,True
YOR202W,HIS3,his3,tsa1,1,1,1,6,-0.00037579942611778994,True
YOR202W,HIS3,his3,tsa1,1,1,1,6,-4.473015104614064e-05,True
YOR202W,HIS3,his3,tsa1,1,1,1,6,-0.0001221477754665412,True
YOR202W,HIS3,his3,tsa1,1,1,1,6,4.0040057992435374e-05,False
YOR202W,HIS3,his3,tsa1,1,1,1,6,-2.6047453075161986e-05,True
YOR202W,HIS3,his3,tsa1,1,1,1,6,1.1190511981507001e-05,False
YOR202W,HIS3,his3,tsa1,1,1,1,6,8.426051513965582e-06,False
YOR202W,HIS3,his3,tsa1,1,1,1,6,-0.0001518755856478593,True
YOR202W,HIS3,his3,tsa1,1,1,1,6,0.00012456845244906978,False
YOR202W,HIS3,his3,tsa1,1,1,1,6,-2.5620528442960033e-05,True
YOR202W,HIS3,his3,tsa1,1,1,1,6,-0.0001810429315990958,True
YOR202W,HIS3,his3,tsa1,1,1,1,6,7.443021272435235e-05,False
YOR202W,HIS3,his3,tsa1,1,1,1,6,6.86840802336941e-05,False
YOR202W,HIS3,his3,tsa1,1,1,1,6,-0.000310885126154542,True
YOR202W,HIS3,his3,tsa1,1,1,1,6,-0.00023237933467859517,True
YOR202W,HIS3,his3,tsa1,1,1,1,6,-9.268201407064414e-05,True
YOR202W,HIS3,his3,tsa1,1,1,1,6,5.867010456417354e-05,False
YOR202W,HIS3,his3,tsa1,1,1,1,6,0.0002167794647743304,False
YOR202W,HIS3,his3,tsa1,1,1,1,6,-0.00018105335780246867,True
YOR202W,HIS3,his3,tsa1,1,1,1,6,6.021609390755023e-05,False
YOR202W,HIS3,his3,tsa1,1,1,1,6,1.22644184716858e-05,False
YOR202W,HIS3,his3,tsa1,1,1,1,6,-0.00020025412616606064,True
YOR202W,HIS3,his3,tsa1,1,1,1,6,-0.0003774847987284835,True
YOR202W,HIS3,his3,tsa1,1,1,1,6,0.0005444621944678263,False
YOR202W,HIS3,his3,tsa1,1,1,1,6,-9.039852001155313e-05,True
YOR202W,HIS3,his3,tsa1,1,1,1,6,-0.00025751326865272595,True
YOR202W,HIS3,his3,tsa1,1,1,1,6,9.568744058802148e-06,False
YOR202W,HIS3,his3,tsa1,1,1,1,6,-0.00028511009540160837,True
YOR202W,HIS3,his3,tsa1,1,1,1,6,-2.529917281213212e-05,True
YOR202W,HIS3,his3,tsa1,1,1,1,6,0.00019894962879554723,False
YOR202W,HIS3,his3,tsa1,1,1,1,6,5.90243534302759e-05,False
YOR202W,HIS3,his3,tsa1,1,1,1,6,0.0004692114659629598,False
YOR202W,HIS3,his3,tsa1,1,1,1,6,8.085592330822622e-05,False
YOR202W,HIS3,his3,tsa1,1,1,1,6,0.0002179476077906195,False
YOR202W,HIS3,his3,tsa1,1,1,1,6,0.00038354081094782444,False
YOR202W,HIS3,his3,tsa1,1,1,1,6,-0.017603301128011395,True
YOR202W,HIS3,his3,tsa1,1,1,1,6,-0.00012654765554284686,True
YOR202W,HIS3,his3,tsa1,1,1,1,6,-0.0003298472378324979,True
YOR202W,HIS3,his3,tsa1,1,1,1,6,0.00047931601989487094,False
YOR202W,HIS3,his3,tsa1,1,1,1,6,-9.963348426555996e-05,True
YOR202W,HIS3,his3,tsa1,1,1,1,6,0.00012020422008332532,False
YOR202W,HIS3,his3,tsa1,1,1,1,6,6.935600802712716e-05,False
YOR202W,HIS3,his3,tsa1,1,1,1,6,8.231294317520566e-05,False
YOR202W,HIS3,his3,tsa1,1,1,1,6,0.00041418321829309046,False
YOR202W,HIS3,his3,tsa1,1,1,1,6,0.00054461744860268,False
YOR202W,HIS3,his3,tsa1,1,1,1,6,-0.0003277699878689033,True
YOR202W,HIS3,his3,tsa1,1,1,1,6,-0.00033585872896516045,True
YOR202W,HIS3,his3,tsa1,1,1,1,6,-0.0001213437378649318,True
YOR202W,HIS3,his3,tsa1,1,1,1,6,-9.515281635710804e-05,True
YOR202W,HIS3,his3,tsa1,1,1,1,6,-9.187982718836252e-05,True
YOR202W,HIS3,his3,tsa1,1,1,1,6,-0.03244635756539754,True
YOR202W,HIS3,his3,tsa1,1,1,1,6,-9.480340920672847e-05,True
YOR202W,HIS3,his3,tsa1,1,1,1,6,-0.0003865514708920881,True
YOR202W,HIS3,his3,tsa1,1,1,1,6,-0.00033801371576794303,True
YOR202W,HIS3,his3,tsa1,1,1,1,6,-0.00014931684541669155,True
YOR202W,HIS3,his3,tsa1,1,1,1,6,-0.00011808145174854734,True
YOR202W,HIS3,his3,tsa1,1,1,1,6,6.609228433165915e-05,False
YOR202W,HIS3,his3,tsa1,1,1,1,6,-0.0003206796389414457,True
YOR202W,HIS3,his3,tsa1,1,1,1,6,0.0002952428651437078,False
YOR202W,HIS3,his3,tsa1,1,1,1,6,-0.0003588548679931969,True
YOR202W,HIS3,his3,tsa1,1,1,1,6,0.00017128389416817824,False
YOR202W,HIS3,his3,tsa1,1,1,1,6,9.327707542605701e-05,False
YOR202W,HIS3,his3,tsa1,1,1,1,6,-0.00035517082970493163,True
YOR202W,HIS3,his3,tsa1,1,1,1,6,-0.00017226371179537847,True
YOR202W,HIS3,his3,tsa1,1,1,1,6,-0.00018300804165641282,True
YOR202W,HIS3,his3,tsa1,1,1,1,6,-0.0003427596716882586,True
YOR202W,HIS3,his3,tsa1,1,1,1,6,-2.4171577979098524e-05,True
YOR202W,HIS3,his3,tsa1,1,1,1,6,0.00037569956979971453,False
YOR202W,HIS3,his3,tsa1,1,1,1,6,-0.00011026851028586582,True
YOR202W,HIS3,his3,tsa1,1,1,1,6,0.0001788291626844407,False
YOR202W,HIS3,his3,tsa1,1,1,1,6,-0.04424112209660447,True
YOR202W,HIS3,his3,tsa1,1,1,1,6,-0.00014693332127471703,True
YOR202W,HIS3,his3,tsa1,1,1,1,6,-4.613864755831365e-05,True
YOR202W,HIS3,his3,tsa1,1,1,1,6,-0.00022698176995317176,True
YOR202W,HIS3,his3,tsa1,1,1,1,6,-0.00021716639346117117,True
YOR202W,HIS3,his3,tsa1,1,1,1,6,-5.310319479590042e-06,True
YOR202W,HIS3,his3,tsa1,1,1,1,6,0.00021207066741318892,False
YOR202W,HIS3,his3,tsa1,1,1,1,6,-0.00026869154442962784,True
YOR202W,HIS3,his3,tsa1,1,1,1,6,0.0003509711848134478,False
YOR202W,HIS3,his3,tsa1,1,1,1,6,0.0005641342245177594,False
YOR202W,HIS3,his3,tsa1,1,1,1,6,-4.690896342829376e-05,True
YOR202W,HIS3,his3,tsa1,1,1,1,6,4.69084788646823e-05,False
YOR202W,HIS3,his3,tsa1,1,1,1,6,7.820948771306013e-05,False
YOR202W,HIS3,his3,tsa1,1,1,1,6,-0.03123299720973871,True
YOR202W,HIS3,his3,tsa1,1,1,1,6,-0.0003490708954067834,True
YOR202W,HIS3,his3,tsa1,1,1,1,6,-0.00027627590910114797,True
YOR202W,HIS3,his3,tsa1,1,1,1,6,0.00011777351041186712,False
YOR202W,HIS3,his3,tsa1,1,1,1,6,-4.6729763432729055e-05,True
YOR202W,HIS3,his3,tsa1,1,1,1,6,0.0005607355224714894,False
YOR202W,HIS3,his3,tsa1,1,1,1,6,-0.00025391800053556346,True
YOR202W,HIS3,his3,tsa1,1,1,1,6,6.297841764590917e-06,False
YOR202W,HIS3,his3,tsa1,1,1,1,6,-7.909941314651614e-05,True
YOR202W,HIS3,his3,tsa1,1,1,1,6,-0.00022943133062000576,True
YOR202W,HIS3,his3,tsa1,1,1,1,6,0.00018325065283633646,False
YOR202W,HIS3,his3,tsa1,1,1,1,6,-0.00016496255727790898,True
YOR202W,HIS3,his3,tsa1,1,1,1,6,-0.0003817736532289451,True
YOR202W,HIS3,his3,tsa1,1,1,1,6,-8.52727705707712e-05,True
YOR202W,HIS3,his3,tsa1,1,1,1,6,-0.00015607972696460304,True
YOR202W,HIS3,his3,tsa1,1,1,1,6,2.894623962720888e-05,False
YOR202W,HIS3,his3,tsa1,1,1,1,6,-0.00032802522163372094,True
YOR202W,HIS3,his3,tsa1,1,1,1,6,0.00013407537491577637,False
YOR202W,HIS3,his3,tsa1,1,1,1,6,0.00035311489460945755,False
YOR202W,HIS3,his3,tsa1,1,1,1,6,4.668509341723692e-05,False
YOR202W,HIS3,his3,tsa1,1,1,1,6,0.00020392434742114163,False
YOR202W,HIS3,his3,tsa1,1,1,1,6,-9.588822535483432e-05,True
YOR202W,HIS3,his3,tsa1,1,1,1,6,0.00010420158326357454,False
YOR202W,HIS3,his3,tsa1,1,1,1,6,-0.0003407916254201393,True
YOR202W,HIS3,his3,tsa1,1,1,1,6,0.00036217796297677296,False
YOR202W,HIS3,his3,tsa1,1,1,1,6,0.00010923085688047118,False
YOR202W,HIS3,his3,tsa1,1,1,1,6,-3.7523267897993096e-05,True
YOR202W,HIS3,his3,tsa1,1,1,1,6,-0.00019432661328319667,True
YOR202W,HIS3,his3,tsa1,1,1,1,6,0.00013397296753270282,False
YOR202W,HIS3,his3,tsa1,1,1,1,6,8.487029136769464e-05,False
YOR202W,HIS3,his3,tsa1,1,1,1,6,-0.0001673774868652944,True
YOR202W,HIS3,his3,tsa1,1,1,1,6,-0.0001849441123807083,True
YOR202W,HIS3,his3,tsa1,1,1,1,6,-0.0032619738441658497,True
YOR202W,HIS3,his3,tsa1,1,1,1,6,-2.9949183361049903e-05,True
YOR202W,HIS3,his3,tsa1,1,1,1,6,-7.866450478880016e-05,True
YOR202W,HIS3,his3,tsa1,1,1,1,6,-0.00019372673296585985,True
YOR202W,HIS3,his3,tsa1,1,1,1,6,-7.964329521040203e-05,True
YOR202W,HIS3,his3,tsa1,1,1,1,6,0.00020543352812479876,False
YOR202W,HIS3,his3,tsa1,1,1,1,6,-0.0002433373187701593,True
YOR202W,HIS3,his3,tsa1,1,1,1,6,-4.815701786980986e-05,True
YOR202W,HIS3,his3,tsa1,1,1,1,6,-0.020159935567052867,True
YOR202W,HIS3,his3,tsa1,1,1,1,6,-0.00012653845627594307,True
YOR202W,HIS3,his3,tsa1,1,1,1,6,-0.00014139463052531553,True
YOR202W,HIS3,his3,tsa1,1,1,1,6,-0.00039397674840749297,True
YOR202W,HIS3,his3,tsa1,1,1,1,6,1.2197290612941947e-05,False
YOR202W,HIS3,his3,tsa1,1,1,1,6,-0.00013802531113785155,True
YOR202W,HIS3,his3,tsa1,1,1,1,6,0.00048575416973017926,False
YOR202W,HIS3,his3,tsa1,1,1,1,6,-0.0002076819420849807,True
YOR202W,HIS3,his3,tsa1,1,1,1,6,0.00010232971363680066,False
YOR202W,HIS3,his3,tsa1,1,1,1,6,0.00012389927465197847,False
YOR202W,HIS3,his3,tsa1,1,1,1,6,0.00011386698578130794,False
YOR202W,HIS3,his3,tsa1,1,1,1,6,-0.00034926188918738,True
YOR202W,HIS3,his3,tsa1,1,1,1,6,-0.00027343735015358805,True
YOR202W,HIS3,his3,tsa1,1,1,1,6,0.00048820985061767685,False
YOR202W,HIS3,his3,tsa1,1,1,1,6,-0.0003538238872997923,True
YOR202W,HIS3,his3,tsa1,1,1,1,6,0.0001318986539592948,False
YOR202W,HIS3,his3,tsa1,1,1,1,6,-0.00022889166152134655,True
YOR202W,HIS3,his3,tsa1,1,1,1,6,0.00021602156406871909,False
YER012W,PRE1,pre1-1,tsa289,1,2,2,6,0.1595209439316299,False
YER012W,PRE1,pre1-1,tsa289,1,2,2,6,0.15951377063427577,False
YER012W,PRE1,pre1-1,tsa289,1,2,2,6,0.1588417849401367,False
YER012W,PRE1,pre1-1,tsa289,1,2,2,6,0.15823475980208065,False
YER012W,PRE1,pre1-1,tsa289,1,2,2,6,0.1538838237131479,False
YER012W,PRE1,pre1-1,tsa289,1,2,2,6,0.155926051888963,False
YER012W,PRE1,pre1-1,tsa289,1,2,2,6,0.15631801851866234,False
YER012W,PRE1,pre1-1,tsa289,1,2,2,6,0.15605152718692963,False
YER012W,PRE1,pre1-1,tsa289,1,2,2,6,0.15921874835171973,False
YER012W,PRE1,pre1-1,tsa289,1,2,2,6,0.1593085032260488,False
YER012W,PRE1,pre1-1,tsa289,1,2,2,6,0.15813962274798513,False
YER012W,PRE1,pre1-1,tsa289,1,2,2,6,0.1587381557009499,False
YER012W,PRE1,pre1-1,tsa289,1,2,2,6,0.1570565087308809,False
YER012W,PRE1,pre1-1,tsa289,1,2,2,6,0.15864875200701986,False
YER012W,PRE1,pre1-1,tsa289,1,2,2,6,0.15929154857712444,False
YER012W,PRE1,pre1-1,tsa289,1,2,2,6,0.1437182254604121,False
YER012W,PRE1,pre1-1,tsa289,1,2,2,6,0.15931523457087335,False
YER012W,PRE1,pre1-1,tsa289,1,2,2,6,0.14995848188920718,False
YER012W,PRE1,pre1-1,tsa289,1,2,2,6,0.15919064188530568,False
YER012W,PRE1,pre1-1,tsa289,1,2,2,6,0.1565405046725328,False
YER012W,PRE1,pre1-1,tsa289,1,2,2,6,0.15918106421415962,False
YER012W,PRE1,pre1-1,tsa289,1,2,2,6,0.15908126262256805,False
YER012W,PRE1,pre1-1,tsa289,1,2,2,6,0.15916940727028214,False
YER012W,PRE1,pre1-1,tsa289,1,2,2,6,0.1588241997385927,False
YER012W,PRE1,pre1-1,tsa289,1,2,2,6,0.15785416036181757,False
YER012W,PRE1,pre1-1,tsa289,1,2,2,6,0.15899674227757568,False
YER012W,PRE1,pre1-1,tsa289,1,2,2,6,0.15891798322389877,False
YER012W,PRE1,pre1-1,tsa289,1,2,2,6,0.15627732328189026,False
YER012W,PRE1,pre1-1,tsa289,1,2,2,6,0.15948115118052844,False
YER012W,PRE1,pre1-1,tsa289,1,2,2,6,0.15823439000575978,False
YER012W,PRE1,pre1-1,tsa289,1,2,2,6,0.15689919840591354,False
YER012W,PRE1,pre1-1,tsa289,1,2,2,6,0.15875469381882962,False
YER012W,PRE1,pre1-1,tsa289,1,2,2,6,0.15953860672814438,False
YER012W,PRE1,pre1-1,tsa289,1,2,2,6,0.15752502567231802,False
YER012W,PRE1,pre1-1,tsa289,1,2,2,6,0.15908955191302646,False
YER012W,PRE1,pre1-1,tsa289,1,2,2,6,0.15819806103919437,False
YER012W,PRE1,pre1-1,tsa289,1,2,2,6,0.15925056375183805,False
YER012W,PRE1,pre1-1,tsa289,1,2,2,6,0.15570874905679372,False
YER012W,PRE1,pre1-1,tsa289,1,2,2,6,0.15933517256882274,False
YER012W,PRE1,pre1-1,tsa289,1,2,2,6,0.15904934558406522,False
YER012W,PRE1,pre1-1,tsa289,1,2,2,6,0.15844738208208733,False
YER012W,PRE1,pre1-1,tsa289,1,2,2,6,0.15773909079252207,False
YER012W,PRE1,pre1-1,tsa289,1,2,2,6,0.15925953616290991,False
YER012W,PRE1,pre1-1,tsa289,1,2,2,6,0.15849032314302958,False
YER012W,PRE1,pre1-1,tsa289,1,2,2,6,0.15874644033106508,False
YER012W,PRE1,pre1-1,tsa289,1,2,2,6,0.15613781882312405,False
YER012W,PRE1,pre1-1,tsa289,1,2,2,6,0.15801598273821318,False
YER012W,PRE1,pre1-1,tsa289,1,2,2,6,0.15910610643599876,False
YER012W,PRE1,pre1-1,tsa289,1,2,2,6,0.15770213301001626,False
YER012W,PRE1,pre1-1,tsa289,1,2,2,6,0.15874190725203152,False
YER012W,PRE1,pre1-1,tsa289,1,2,2,6,0.15901690315142336,False
YER012W,PRE1,pre1-1,tsa289,1,2,2,6,0.15692419084420484,False
YER012W,PRE1,pre1-1,tsa289,1,2,2,6,0.15627464844423342,False
YER012W,PRE1,pre1-1,tsa289,1,2,2,6,0.15851855588170924,False
YER012W,PRE1,pre1-1,tsa289,1,2,2,6,0.15559702399995767,False
YER012W,PRE1,pre1-1,tsa289,1,2,2,6,0.1595592815953143,False
YER012W,PRE1,pre1-1,tsa289,1,2,2,6,0.15868821818408443,False
YER012W,PRE1,pre1-1,tsa289,1,2,2,6,0.13713503763940887,False
YER012W,PRE1,pre1-1,tsa289,1,2,2,6,0.1595559431046926,False
YER012W,PRE1,pre1-1,tsa289,1,2,2,6,0.15822053802904582,False
YER012W,PRE1,pre1-1,tsa289,1,2,2,6,0.15938889399279188,False
YER012W,PRE1,pre1-1,tsa289,1,2,2,6,0.1566072667228725,False
YER012W,PRE1,pre1-1,tsa289,1,2,2,6,0.15704174094783874,False
YER012W,PRE1,pre1-1,tsa289,1,2,2,6,0.15791168914835535,False
YER012W,PRE1,pre1-1,tsa289,1,2,2,6,0.15893986329046456,False
YER012W,PRE1,pre1-1,tsa289,1,2,2,6,0.15851812162525222,False
YER012W,PRE1,pre1-1,tsa289,1,2,2,6,0.1591243538750648,False
YER012W,PRE1,pre1-1,tsa289,1,2,2,6,0.1593374944713342,False
YER012W,PRE1,pre1-1,tsa289,1,2,2,6,0.15720217827855373,False
YER012W,PRE1,pre1-1,tsa289,1,2,2,6,0.15936221841888348,False
YER012W,PRE1,pre1-1,tsa289,1,2,2,6,0.1592406064762894,False
YER012W,PRE1,pre1-1,tsa289,1,2,2,6,0.15597380559853224,False
YER012W,PRE1,pre1-1,tsa289,1,2,2,6,0.15310674436659602,False
YER012W,PRE1,pre1-1,tsa289,1,2,2,6,0.1589286045349175,False
YER012W,PRE1,pre1-1,tsa289,1,2,2,6,0.15933260707823835,False
YER012W,PRE1,pre1-1,tsa289,1,2,2,6,0.15651354808844792,False
YER012W,PRE1,pre1-1,tsa289,1,2,2,6,0.15762186727102562,False
YER012W,PRE1,pre1-1,tsa289,1,2,2,6,0.1545745356843723,False
YER012W,PRE1,pre1-1,tsa289,1,2,2,6,0.1594872177024189,False
YER012W,PRE1,pre1-1,tsa289,1,2,2,6,0.15443404906588754,False
YER012W,PRE1,pre1-1,tsa289,1,2,2,6,0.15923135299095817,False
YER012W,PRE1,pre1-1,tsa289,1,2,2,6,0.15695894571665883,False
YER012W,PRE1,pre1-1,tsa289,1,2,2,6,0.15937471756252333,False
YER012W,PRE1,pre1-1,tsa289,1,2,2,6,0.15916222299042232,False
YER012W,PRE1,pre1-1,tsa289,1,2,2,6,0.15902606855752238,False
YER012W,PRE1,pre1-1,tsa289,1,2,2,6,0.15607045327854227,False
YER012W,PRE1,pre1-1,tsa289,1,2,2,6,0.15274791840195928,False
YER012W,PRE1,pre1-1,tsa289,1,2,2,6,0.15576884992734352,False
YER012W,PRE1,pre1-1,tsa289,1,2,2,6,0.15741948903376415,False
YER012W,PRE1,pre1-1,tsa289,1,2,2,6,0.15457646471173014,False
YER012W,PRE1,pre1-1,tsa289,1,2,2,6,0.153429535444548,False
YER012W,PRE1,pre1-1,tsa289,1,2,2,6,0.149190655951909,False
YER012W,PRE1,pre1-1,tsa289,1,2,2,6,0.15954689046919682,False
YER012W,PRE1,pre1-1,tsa289,1,2,2,6,0.1540387694568684,False
YER012W,PRE1,pre1-1,tsa289,1,2,2,6,0.15841297930284892,False
YER012W,PRE1,pre1-1,tsa289,1,2,2,6,0.15827682607537122,False
YER012W,PRE1,pre1-1,tsa289,1,2,2,6,0.15854106704709617,False
YER012W,PRE1,pre1-1,tsa289,1,2,2,6,0.15064166771232196,False
YER012W,PRE1,pre1-1,tsa289,1,2,2,6,0.15628797809738545,False
YER012W,PRE1,pre1-1,tsa289,1,2,2,6,0.15949924059450285,False
YER012W,PRE1,pre1-1,tsa289,1,2,2,6,0.15942570389980654,False
YER012W,PRE1,pre1-1,tsa289,1,2,2,6,0.1585830256551713,False
YER012W,PRE1,pre1-1,tsa289,1,2,2,6,0.15581649448709858,False
YER012W,PRE1,pre1-1,tsa289,1,2,2,6,0.15883427530367214,False
YER012W,PRE1,pre1-1,tsa289,1,2,2,6,0.15754586313547123,False
YER012W,PRE1,pre1-1,tsa289,1,2,2,6,0.15890971870660514,False
YER012W,PRE1,pre1-1,tsa289,1,2,2,6,0.15051323180013115,False
YER012W,PRE1,pre1-1,tsa289,1,2,2,6,0.15909546295253826,False
YER012W,PRE1,pre1-1,tsa289,1,2,2,6,0.15436434302453933,False
YER012W,PRE1,pre1-1,tsa289,1,2,2,6,0.15795335413629696,False
YER012W,PRE1,pre1-1,tsa289,1,2,2,6,0.15748105478873053,False
YER012W,PRE1,pre1-1,tsa289,1,2,2,6,0.15547572654386216,False
YER012W,PRE1,pre1-1,tsa289,1,2,2,6,0.1377587864072783,False
YER012W,PRE1,pre1-1,tsa289,1,2,2,6,0.15802240204621879,False
YER012W,PRE1,pre1-1,tsa289,1,2,2,6,0.15609079874945508,False
YER012W,PRE1,pre1-1,tsa289,1,2,2,6,0.15945004894035106,False
YER012W,PRE1,pre1-1,tsa289,1,2,2,6,0.1594766872067479,False
YER012W,PRE1,pre1-1,tsa289,1,2,2,6,0.1575602974817819,False
YER012W,PRE1,pre1-1,tsa289,1,2,2,6,0.14615423041518344,False
YER012W,PRE1,pre1-1,tsa289,1,2,2,6,0.15486677220196698,False
YER012W,PRE1,pre1-1,tsa289,1,2,2,6,0.15909568487497971,False
YER012W,PRE1,pre1-1,tsa289,1,2,2,6,0.15526477046200848,False
YER012W,PRE1,pre1-1,tsa289,1,2,2,6,0.15924942565406897,False
YER012W,PRE1,pre1-1,tsa289,1,2,2,6,0.15466384661212515,False
YER012W,PRE1,pre1-1,tsa289,1,2,2,6,0.15853078552758404,False
YER012W,PRE1,pre1-1,tsa289,1,2,2,6,0.15936950936477556,False
YER012W,PRE1,pre1-1,tsa289,1,2,2,6,0.1593771327070381,False
YER012W,PRE1,pre1-1,tsa289,1,2,2,6,0.15729378715893844,False
YER012W,PRE1,pre1-1,tsa289,1,2,2,6,0.15870357623962097,False
YER012W,PRE1,pre1-1,tsa289,1,2,2,6,0.15955040817527885,False
YER012W,PRE1,pre1-1,tsa289,1,2,2,6,0.15844628530278848,False
YER012W,PRE1,pre1-1,tsa289,1,2,2,6,0.15896326117907444,False
YER012W,PRE1,pre1-1,tsa289,1,2,2,6,0.15845550533759636,False
YER012W,PRE1,pre1-1,tsa289,1,2,2,6,0.15591741750896337,False
YER012W,PRE1,pre1-1,tsa289,1,2,2,6,0.15538776801313786,False
YER012W,PRE1,pre1-1,tsa289,1,2,2,6,0.15867470435402317,False
YER012W,PRE1,pre1-1,tsa289,1,2,2,6,0.15913675124146426,False
YER012W,PRE1,pre1-1,tsa289,1,2,2,6,0.15955581317784823,False
YER012W,PRE1,pre1-1,tsa289,1,2,2,6,0.15949001674591845,False
YER012W,PRE1,pre1-1,tsa289,1,2,2,6,0.1594828216690999,False
YER012W,PRE1,pre1-1,tsa289,1,2,2,6,0.15916094330631222,False
YER012W,PRE1,pre1-1,tsa289,1,2,2,6,0.15932488905500355,False
YER012W,PRE1,pre1-1,tsa289,1,2,2,6,0.1593198348980576,False
YER012W,PRE1,pre1-1,tsa289,1,2,2,6,0.15802402146109087,False
YER012W,PRE1,pre1-1,tsa289,1,2,2,6,0.15616548277291661,False
YER012W,PRE1,pre1-1,tsa289,1,2,2,6,0.15934296136071005,False
YER012W,PRE1,pre1-1,tsa289,1,2,2,6,0.1580959657283168,False
YER012W,PRE1,pre1-1,tsa289,1,2,2,6,0.15920729424716,False
YER012W,PRE1,pre1-1,tsa289,1,2,2,6,0.15945697459641997,False
YER012W,PRE1,pre1-1,tsa289,1,2,2,6,0.15904092262103942,False
YER012W,PRE1,pre1-1,tsa289,1,2,2,6,0.1595534485859142,False
YER012W,PRE1,pre1-1,tsa289,1,2,2,6,0.15923092248078793,False
YER012W,PRE1,pre1-1,tsa289,1,2,2,6,0.1592745053038515,False
YER012W,PRE1,pre1-1,tsa289,1,2,2,6,0.15870962388755872,False
YER012W,PRE1,pre1-1,tsa289,1,2,2,6,0.15738283139064946,False
YER012W,PRE1,pre1-1,tsa289,1,2,2,6,0.15482918271228138,False
YER012W,PRE1,pre1-1,tsa289,1,2,2,6,0.15933196779729494,False
YER012W,PRE1,pre1-1,tsa289,1,2,2,6,0.1581629490768325,False
YER012W,PRE1,pre1-1,tsa289,1,2,2,6,0.1589769233472299,False
YER012W,PRE1,pre1-1,tsa289,1,2,2,6,0.15929771258071282,False
YER012W,PRE1,pre1-1,tsa289,1,2,2,6,0.15635619584180402,False
YER012W,PRE1,pre1-1,tsa289,1,2,2,6,0.15952402780174593,False
YER012W,PRE1,pre1-1,tsa289,1,2,2,6,0.15562264986003693,False
YER012W,PRE1,pre1-1,tsa289,1,2,2,6,0.15949049287511038,False
YER012W,PRE1,pre1-1,tsa289,1,2,2,6,0.15845366530729116,False
YER012W,PRE1,pre1-1,tsa289,1,2,2,6,0.15573371103754702,False
YER012W,PRE1,pre1-1,tsa289,1,2,2,6,0.15933106025480243,False
YER012W,PRE1,pre1-1,tsa289,1,2,2,6,0.15390726349545975,False
YER012W,PRE1,pre1-1,tsa289,1,2,2,6,0.15844105105722636,False
YER012W,PRE1,pre1-1,tsa289,1,2,2,6,0.15931513974525496,False
YER012W,PRE1,pre1-1,tsa289,1,2,2,6,0.1591657889054309,False
YER012W,PRE1,pre1-1,tsa289,1,2,2,6,0.15577782129283566,False
YER012W,PRE1,pre1-1,tsa289,1,2,2,6,0.14941148632005616,False
YER012W,PRE1,pre1-1,tsa289,1,2,2,6,0.15949830006800797,False
YER012W,PRE1,pre1-1,tsa289,1,2,2,6,0.15176192048746287,False
YER012W,PRE1,pre1-1,tsa289,1,2,2,6,0.15848798584945037,False
YER012W,PRE1,pre1-1,tsa289,1,2,2,6,0.15955848265470432,False
YER012W,PRE1,pre1-1,tsa289,1,2,2,6,0.15936061611652025,False
YER012W,PRE1,pre1-1,tsa289,1,2,2,6,0.15497107415262742,False
YER012W,PRE1,pre1-1,tsa289,1,2,2,6,0.13114260645790457,False
YER012W,PRE1,pre1-1,tsa289,1,2,2,6,0.1593121881324467,False
YER012W,PRE1,pre1-1,tsa289,1,2,2,6,0.15956030392969855,False
YER012W,PRE1,pre1-1,tsa289,1,2,2,6,0.15818493183344726,False
YER012W,PRE1,pre1-1,tsa289,1,2,2,6,0.1591693523190526,False
YER012W,PRE1,pre1-1,tsa289,1,2,2,6,0.1563474382357387,False
YER012W,PRE1,pre1-1,tsa289,1,2,2,6,0.15824873865018202,False
YER012W,PRE1,pre1-1,tsa289,1,2,2,6,0.1593460346688675,False
YER012W,PRE1,pre1-1,tsa289,1,2,2,6,0.15925763850480654,False
YER012W,PRE1,pre1-1,tsa289,1,2,2,6,0.1595330071935145,False
YER012W,PRE1,pre1-1,tsa289,1,2,2,6,0.15950839954871573,False
YER012W,PRE1,pre1-1,tsa289,1,2,2,6,0.15623636744588684,False
YER012W,PRE1,pre1-1,tsa289,1,2,2,6,0.15948436529254797,False
YER012W,PRE1,pre1-1,tsa289,1,2,2,6,0.1593721558030014,False
YER012W,PRE1,pre1-1,tsa289,1,2,2,6,0.1591294373863921,False
YER012W,PRE1,pre1-1,tsa289,1,2,2,6,0.1586756036222495,False
YER012W,PRE1,pre1-1,tsa289,1,2,2,6,0.15847106279191192,False
YER012W,PRE1,pre1-1,tsa289,1,2,2,6,0.15950262337395296,False
YER012W,PRE1,pre1-1,tsa289,1,2,2,6,0.14233148789638778,False
YER012W,PRE1,pre1-1,tsa289,1,2,2,6,0.15439985067100973,False
YER012W,PRE1,pre1-1,tsa289,1,2,2,6,0.1319510255399912,False
YER012W,PRE1,pre1-1,tsa289,1,2,2,6,0.15952392304505025,False
YER012W,PRE1,pre1-1,tsa289,1,2,2,6,0.15856457163158535,False
YER012W,PRE1,pre1-1,tsa289,1,2,2,6,0.15682285712306626,False
YER012W,PRE1,pre1-1,tsa289,1,2,2,6,0.15753883598874668,False
YER012W,PRE1,pre1-1,tsa289,1,2,2,6,0.1593269571548846,False
YER012W,PRE1,pre1-1,tsa289,1,2,2,6,0.15840544919669358,False
YER012W,PRE1,pre1-1,tsa289,1,2,2,6,0.15888101848698002,False
YER012W,PRE1,pre1-1,tsa289,1,2,2,6,0.158408664863836,False
YER012W,PRE1,pre1-1,tsa289,1,2,2,6,0.1576412823182331,False
YER012W,PRE1,pre1-1,tsa289,1,2,2,6,0.15866807723662302,False
YER012W,PRE1,pre1-1,tsa289,1,2,2,6,0.15221882632725006,False
YER012W,PRE1,pre1-1,tsa289,1,2,2,6,0.15832160249029992,False
YER012W,PRE1,pre1-1,tsa289,1,2,2,6,0.1564622883040992,False
YER012W,PRE1,pre1-1,tsa289,1,2,2,6,0.15142200539259468,False
YER012W,PRE1,pre1-1,tsa289,1,2,2,6,0.1544366182005204,False
YER012W,PRE1,pre1-1,tsa289,1,2,2,6,0.15884206189516792,False
YER012W,PRE1,pre1-1,tsa289,1,2,2,6,0.15923978184759366,False
YER012W,PRE1,pre1-1,tsa289,1,2,2,6,0.15949422168097407,False
YER012W,PRE1,pre1-1,tsa289,1,2,2,6,0.15955106245739537,False
YER012W,PRE1,pre1-1,tsa289,1,2,2,6,0.15493205485912243,False
YER012W,PRE1,pre1-1,tsa289,1,2,2,6,0.15839399393483383,False
YER012W,PRE1,pre1-1,tsa289,1,2,2,6,0.15941858955627983,False
YER012W,PRE1,pre1-1,tsa289,1,2,2,6,0.1586898211678016,False
YER012W,PRE1,pre1-1,tsa289,1,2,2,6,0.15847232972837028,False
YER012W,PRE1,pre1-1,tsa289,1,2,2,6,0.1560906332646314,False
YER012W,PRE1,pre1-1,tsa289,1,2,2,6,0.15946215517376197,False
YER012W,PRE1,pre1-1,tsa289,1,2,2,6,0.1589958836154234,False
YER012W,PRE1,pre1-1,tsa289,1,2,2,6,0.15904860897166023,False
YER012W,PRE1,pre1-1,tsa289,1,2,2,6,0.15772585992698968,False
YER012W,PRE1,pre1-1,tsa289,1,2,2,6,0.15750157561398714,False
YER012W,PRE1,pre1-1,tsa289,1,2,2,6,0.15879362869339103,False
YER012W,PRE1,pre1-1,tsa289,1,2,2,6,0.15771828270805807,False
YER012W,PRE1,pre1-1,tsa289,1,2,2,6,0.15535937943888378,False
YER012W,PRE1,pre1-1,tsa289,1,2,2,6,0.1563656493925908,False
YER012W,PRE1,pre1-1,tsa289,1,2,2,6,0.15738817110465023,False
YER012W,PRE1,pre1-1,tsa289,1,2,2,6,0.15931481941655953,False
YER012W,PRE1,pre1-1,tsa289,1,2,2,6,0.15954925124935887,False
YER012W,PRE1,pre1-1,tsa289,1,2,2,6,0.15952514465862946,False
YER012W,PRE1,pre1-1,tsa289,1,2,2,6,0.1578856533657433,False
YER012W,PRE1,pre1-1,tsa289,1,2,2,6,0.15815113477894654,False
YER012W,PRE1,pre1-1,tsa289,1,2,2,6,0.15731166429059554,False
YER012W,PRE1,pre1-1,tsa289,1,2,2,6,0.1594842772277279,False
YER012W,PRE1,pre1-1,tsa289,1,2,2,6,0.15776782830412525,False
YER012W,PRE1,pre1-1,tsa289,1,2,2,6,0.15688567552037377,False
YER012W,PRE1,pre1-1,tsa289,1,2,2,6,0.15731471342293396,False
YER012W,PRE1,pre1-1,tsa289,1,2,2,6,0.15945920961933485,False
YER012W,PRE1,pre1-1,tsa289,1,2,2,6,0.15207093594907675,False
YER012W,PRE1,pre1-1,tsa289,1,2,2,6,0.15058558385384574,False
YER012W,PRE1,pre1-1,tsa289,1,2,2,6,0.15812772673982076,False
YER012W,PRE1,pre1-1,tsa289,1,2,2,6,0.15903243784564164,False
YER012W,PRE1,pre1-1,tsa289,1,2,2,6,0.155127721323828,False
YER012W,PRE1,pre1-1,tsa289,1,2,2,6,0.1592399713124859,False
YER012W,PRE1,pre1-1,tsa289,1,2,2,6,0.1594839395562397,False
YER012W,PRE1,pre1-1,tsa289,1,2,2,6,0.1583146355559823,False
YER012W,PRE1,pre1-1,tsa289,1,2,2,6,0.15903282512660297,False
YER012W,PRE1,pre1-1,tsa289,1,2,2,6,0.15866000313127793,False
YER012W,PRE1,pre1-1,tsa289,1,2,2,6,0.1595356274351446,False
YER012W,PRE1,pre1-1,tsa289,1,2,2,6,0.1528648542892607,False
YER012W,PRE1,pre1-1,tsa289,1,2,2,6,0.15843197575647086,False
YER012W,PRE1,pre1-1,tsa289,1,2,2,6,0.15859098518572734,False
YER012W,PRE1,pre1-1,tsa289,1,2,2,6,0.1532727081666857,False
YER012W,PRE1,pre1-1,tsa289,1,2,2,6,0.15937842580021624,False
YER012W,PRE1,pre1-1,tsa289,1,2,2,6,0.15735370813005642,False
YER012W,PRE1,pre1-1,tsa289,1,2,2,6,0.12395209344506361,False
YER012W,PRE1,pre1-1,tsa289,1,2,2,6,0.15683756212468256,False
YER012W,PRE1,pre1-1,tsa289,1,2,2,6,0.1566506519235411,False
YER012W,PRE1,pre1-1,tsa289,1,2,2,6,0.15943429942238507,False
YER012W,PRE1,pre1-1,tsa289,1,2,2,6,0.15918687416074132,False
YER012W,PRE1,pre1-1,tsa289,1,2,2,6,0.15947289029516867,False
YER012W,PRE1,pre1-1,tsa289,1,2,2,6,0.15918053687274036,False
YER012W,PRE1,pre1-1,tsa289,1,2,2,6,0.15638202765337958,False
YER012W,PRE1,pre1-1,tsa289,1,2,2,6,0.15833510304785398,False
YER012W,PRE1,pre1-1,tsa289,1,2,2,6,0.15941813412911554,False
YER012W,PRE1,pre1-1,tsa289,1,2,2,6,0.15506544577702736,False
YER012W,PRE1,pre1-1,tsa289,1,2,2,6,0.15871718144472816,False
YER012W,PRE1,pre1-1,tsa289,1,2,2,6,0.15753523851544649,False
YER012W,PRE1,pre1-1,tsa289,1,2,2,6,0.1581703489267626,False
YER012W,PRE1,pre1-1,tsa289,1,2,2,6,0.15829962883428644,False
YER012W,PRE1,pre1-1,tsa289,1,2,2,6,0.15759993658581595,False
YER012W,PRE1,pre1-1,tsa289,1,2,2,6,0.15945671209773285,False
YER012W,PRE1,pre1-1,tsa289,1,2,2,6,0.15918196957130273,False
YER012W,PRE1,pre1-1,tsa289,1,2,2,6,0.15931950297714587,False
YER012W,PRE1,pre1-1,tsa289,1,2,2,6,0.15703011560044325,False
YER012W,PRE1,pre1-1,tsa289,1,2,2,6,0.155507237906183,False
YER012W,PRE1,pre1-1,tsa289,1,2,2,6,0.15650317368921618,False
YER012W,PRE1,pre1-1,tsa289,1,2,2,6,0.15909189094208473,False
YER012W,PRE1,pre1-1,tsa289,1,2,2,6,0.1589777825109137,False
YER012W,PRE1,pre1-1,tsa289,1,2,2,6,0.15791978116267694,False
YER012W,PRE1,pre1-1,tsa289,1,2,2,6,0.1570638564505691,False
YER012W,PRE1,pre1-1,tsa289,1,2,2,6,0.15955783749024696,False
YER012W,PRE1,pre1-1,tsa289,1,2,2,6,0.158216496130448,False
YER012W,PRE1,pre1-1,tsa289,1,2,2,6,0.15802242271381106,False
YER012W,PRE1,pre1-1,tsa289,1,2,2,6,0.15954440687111968,False
YER012W,PRE1,pre1-1,tsa289,1,2,2,6,0.15946249348049002,False
YER012W,PRE1,pre1-1,tsa289,1,2,2,6,0.158289591378784,False
YER012W,PRE1,pre1-1,tsa289,1,2,2,6,0.15750987910621875,False
YER012W,PRE1,pre1-1,tsa289,1,2,2,6,0.1594631758351717,False
YER012W,PRE1,pre1-1,tsa289,1,2,2,6,0.1591974352788569,False
YER012W,PRE1,pre1-1,tsa289,1,2,2,6,0.15873828572309293,False
YER012W,PRE1,pre1-1,tsa289,1,2,2,6,0.15928567208937242,False
YER012W,PRE1,pre1-1,tsa289,1,2,2,6,0.15924379747248063,False
YER012W,PRE1,pre1-1,tsa289,1,2,2,6,0.15815995714223574,False
YER012W,PRE1,pre1-1,tsa289,1,2,2,6,0.15835080228505818,False
YER012W,PRE1,pre1-1,tsa289,1,2,2,6,0.15954220122971555,False
YER012W,PRE1,pre1-1,tsa289,1,2,2,6,0.15858711681058907,False
YER012W,PRE1,pre1-1,tsa289,1,2,2,6,0.15870032326389824,False
YER012W,PRE1,pre1-1,tsa289,1,2,2,6,0.15894699260755693,False
YER012W,PRE1,pre1-1,tsa289,1,2,2,6,0.15754723863058923,False
YER012W,PRE1,pre1-1,tsa289,1,2,2,6,0.15954728378806854,False
YER012W,PRE1,pre1-1,tsa289,1,2,2,6,0.15922085999009003,False
YER012W,PRE1,pre1-1,tsa289,1,2,2,6,0.1595349342721677,False
YER012W,PRE1,pre1-1,tsa289,1,2,2,6,0.1580147005358909,False
YER012W,PRE1,pre1-1,tsa289,1,2,2,6,0.15891554440780495,False
YER012W,PRE1,pre1-1,tsa289,1,2,2,6,0.159096091989463,False
YER012W,PRE1,pre1-1,tsa289,1,2,2,6,0.1583749218251809,False
YER012W,PRE1,pre1-1,tsa289,1,2,2,6,0.15929247038642827,False
YER012W,PRE1,pre1-1,tsa289,1,2,2,6,0.15249634193525113,False
YER012W,PRE1,pre1-1,tsa289,1,2,2,6,0.15899293067193215,False
YER012W,PRE1,pre1-1,tsa289,1,2,2,6,0.15519081850768582,False
YER012W,PRE1,pre1-1,tsa289,1,2,2,6,0.15862367932274946,False
YER012W,PRE1,pre1-1,tsa289,1,2,2,6,0.1524633493319442,False
YER012W,PRE1,pre1-1,tsa289,1,2,2,6,0.1593699683012386,False
YER012W,PRE1,pre1-1,tsa289,1,2,2,6,0.15953326721433272,False
YER012W,PRE1,pre1-1,tsa289,1,2,2,6,0.14933305497185312,False
YER012W,PRE1,pre1-1,tsa289,1,2,2,6,0.15953372447685843,False
YER012W,PRE1,pre1-1,tsa289,1,2,2,6,0.15950246557694978,False
YER012W,PRE1,pre1-1,tsa289,1,2,2,6,0.1595568981264319,False
YER012W,PRE1,pre1-1,tsa289,1,2,2,6,0.159502844823362,False
YER012W,PRE1,pre1-1,tsa289,1,2,2,6,0.15955693719737044,False
YER012W,PRE1,pre1-1,tsa289,1,2,2,6,0.15950158282794483,False
YER012W,PRE1,pre1-1,tsa289,1,2,2,6,0.1595312118717049,False
YER012W,PRE1,pre1-1,tsa289,1,2,2,6,0.1594973664877032,False
YER012W,PRE1,pre1-1,tsa289,1,2,2,6,0.15821809860202987,False
YER012W,PRE1,pre1-1,tsa289,1,2,2,6,0.15901750688689367,False
YER012W,PRE1,pre1-1,tsa289,1,2,2,6,0.15924181789129496,False
YER012W,PRE1,pre1-1,tsa289,1,2,2,6,0.15854605723983034,False
YER012W,PRE1,pre1-1,tsa289,1,2,2,6,0.15361263713052853,False
YER012W,PRE1,pre1-1,tsa289,1,2,2,6,0.1592153743331041,False
YER012W,PRE1,pre1-1,tsa289,1,2,2,6,0.15866797774632396,False
YER012W,PRE1,pre1-1,tsa289,1,2,2,6,0.1532172831143409,False
YER012W,PRE1,pre1-1,tsa289,1,2,2,6,0.15621325743974274,False
YER012W,PRE1,pre1-1,tsa289,1,2,2,6,0.1595529798880788,False
YER012W,PRE1,pre1-1,tsa289,1,2,2,6,0.15922672012396863,False
YER012W,PRE1,pre1-1,tsa289,1,2,2,6,0.15953299091550133,False
YER012W,PRE1,pre1-1,tsa289,1,2,2,6,0.15650979139259727,False
YER012W,PRE1,pre1-1,tsa289,1,2,2,6,0.15575517360804478,False
YER012W,PRE1,pre1-1,tsa289,1,2,2,6,0.15947955965418412,False
YER012W,PRE1,pre1-1,tsa289,1,2,2,6,0.15911915947765007,False
YER012W,PRE1,pre1-1,tsa289,1,2,2,6,0.15128227138987843,False
YER012W,PRE1,pre1-1,tsa289,1,2,2,6,0.15915377716017876,False
YER012W,PRE1,pre1-1,tsa289,1,2,2,6,0.1595078468196656,False
YER012W,PRE1,pre1-1,tsa289,1,2,2,6,0.15956032741116707,False
YER012W,PRE1,pre1-1,tsa289,1,2,2,6,0.15930174657502288,False
YER012W,PRE1,pre1-1,tsa289,1,2,2,6,0.15952975037516873,False
YER012W,PRE1,pre1-1,tsa289,1,2,2,6,0.15955866256094167,False
YER012W,PRE1,pre1-1,tsa289,1,2,2,6,0.1594184107121482,False
YER012W,PRE1,pre1-1,tsa289,1,2,2,6,0.15883155383324418,False
YER012W,PRE1,pre1-1,tsa289,1,2,2,6,0.15955893573718932,False
YER012W,PRE1,pre1-1,tsa289,1,2,2,6,0.15948151776072064,False
YER012W,PRE1,pre1-1,tsa289,1,2,2,6,0.15868988704730697,False
YER012W,PRE1,pre1-1,tsa289,1,2,2,6,0.1469180290075619,False
YER012W,PRE1,pre1-1,tsa289,1,2,2,6,0.15955158749050902,False
YER012W,PRE1,pre1-1,tsa289,1,2,2,6,0.15796280640652605,False
YER012W,PRE1,pre1-1,tsa289,1,2,2,6,0.15711478088218192,False
YER012W,PRE1,pre1-1,tsa289,1,2,2,6,0.15928880086632258,False
YER012W,PRE1,pre1-1,tsa289,1,2,2,6,0.15841406787677992,False
YER012W,PRE1,pre1-1,tsa289,1,2,2,6,0.15818358142472658,False
YER012W,PRE1,pre1-1,tsa289,1,2,2,6,0.15954951774856904,False
YER012W,PRE1,pre1-1,tsa289,1,2,2,6,0.15955287981483235,False
YER012W,PRE1,pre1-1,tsa289,1,2,2,6,0.15950970204941317,False
YER012W,PRE1,pre1-1,tsa289,1,2,2,6,0.15953869838614557,False
YER012W,PRE1,pre1-1,tsa289,1,2,2,6,0.15947521802638367,False
YER012W,PRE1,pre1-1,tsa289,1,2,2,6,0.15955950862160648,False
YER012W,PRE1,pre1-1,tsa289,1,2,2,6,0.15923574906544888,False
YER012W,PRE1,pre1-1,tsa289,1,2,2,6,0.15945780209222588,False
YER012W,PRE1,pre1-1,tsa289,1,2,2,6,0.15891817934797578,False
YER012W,PRE1,pre1-1,tsa289,1,2,2,6,0.15879086050811234,False
YER012W,PRE1,pre1-1,tsa289,1,2,2,6,0.159558913721611,False
YER012W,PRE1,pre1-1,tsa289,1,2,2,6,0.15955928560693855,False
YER012W,PRE1,pre1-1,tsa289,1,2,2,6,0.15956072894319723,False
YER012W,PRE1,pre1-1,tsa289,1,2,2,6,0.15949926309156195,False
YER012W,PRE1,pre1-1,tsa289,1,2,2,6,0.15764438913579534,False
YER012W,PRE1,pre1-1,tsa289,1,2,2,6,0.15917890637983803,False
YER012W,PRE1,pre1-1,tsa289,1,2,2,6,0.1595607458290873,False
YER012W,PRE1,pre1-1,tsa289,1,2,2,6,0.1554334811690176,False
YER012W,PRE1,pre1-1,tsa289,1,2,2,6,0.15955338418358195,False
YER012W,PRE1,pre1-1,tsa289,1,2,2,6,0.15795393519638593,False
YER012W,PRE1,pre1-1,tsa289,1,2,2,6,0.15946291539126944,False
YER012W,PRE1,pre1-1,tsa289,1,2,2,6,0.1593904449834272,False
YER012W,PRE1,pre1-1,tsa289,1,2,2,6,0.15954598916410084,False
YER012W,PRE1,pre1-1,tsa289,1,2,2,6,0.15546151183427093,False
YER012W,PRE1,pre1-1,tsa289,1,2,2,6,0.15633232863168686,False
YER012W,PRE1,pre1-1,tsa289,1,2,2,6,0.15875595109066934,False
YER012W,PRE1,pre1-1,tsa289,1,2,2,6,0.15925085215663154,False
YER012W,PRE1,pre1-1,tsa289,1,2,2,6,0.14258862902429528,False
YER012W,PRE1,pre1-1,tsa289,1,2,2,6,0.14901669893850872,False
YER012W,PRE1,pre1-1,tsa289,1,2,2,6,0.15954792248789748,False
YER012W,PRE1,pre1-1,tsa289,1,2,2,6,0.15953711169209586,False
YER012W,PRE1,pre1-1,tsa289,1,2,2,6,0.15946469328554536,False
YER012W,PRE1,pre1-1,tsa289,1,2,2,6,0.1587902585589691,False
YER012W,PRE1,pre1-1,tsa289,1,2,2,6,0.15955615279010926,False
YER012W,PRE1,pre1-1,tsa289,1,2,2,6,0.15904058546249783,False
YER012W,PRE1,pre1-1,tsa289,1,2,2,6,0.15956059101226144,False
YER012W,PRE1,pre1-1,tsa289,1,2,2,6,0.15955418282497247,False
YER012W,PRE1,pre1-1,tsa289,1,2,2,6,0.15818332077035804,False
YER012W,PRE1,pre1-1,tsa289,1,2,2,6,0.1595489416650461,False
YER012W,PRE1,pre1-1,tsa289,1,2,2,6,0.15475025721944635,False
YER012W,PRE1,pre1-1,tsa289,1,2,2,6,0.15956071943221617,False
YER012W,PRE1,pre1-1,tsa289,1,2,2,6,0.1594495592756072,False
YER012W,PRE1,pre1-1,tsa289,1,2,2,6,0.1523657745611976,False
YER012W,PRE1,pre1-1,tsa289,1,2,2,6,0.1571710198581903,False
YER012W,PRE1,pre1-1,tsa289,1,2,2,6,0.1595122440588482,False
YER012W,PRE1,pre1-1,tsa289,1,2,2,6,0.15919743428705582,False
YER012W,PRE1,pre1-1,tsa289,1,2,2,6,0.15955115263962866,False
YER012W,PRE1,pre1-1,tsa289,1,2,2,6,0.1595376774602618,False
YER012W,PRE1,pre1-1,tsa289,1,2,2,6,0.15908911239353243,False
YER012W,PRE1,pre1-1,tsa289,1,2,2,6,0.15946053317729006,False
YER012W,PRE1,pre1-1,tsa289,1,2,2,6,0.15894042115233065,False
YER012W,PRE1,pre1-1,tsa289,1,2,2,6,0.15935469115574658,False
YER012W,PRE1,pre1-1,tsa289,1,2,2,6,0.15775830248028214,False
YER012W,PRE1,pre1-1,tsa289,1,2,2,6,0.15945017673019127,False
YER012W,PRE1,pre1-1,tsa289,1,2,2,6,0.15955287601707321,False
YER012W,PRE1,pre1-1,tsa289,1,2,2,6,0.15947601163770583,False
YER012W,PRE1,pre1-1,tsa289,1,2,2,6,0.15940175875026974,False
YER012W,PRE1,pre1-1,tsa289,1,2,2,6,0.15955661319292377,False
YER012W,PRE1,pre1-1,tsa289,1,2,2,6,0.15888430098565193,False
YER012W,PRE1,pre1-1,tsa289,1,2,2,6,0.15824229125945258,False
YER012W,PRE1,pre1-1,tsa289,1,2,2,6,0.15132123924258262,False
YER012W,PRE1,pre1-1,tsa289,1,2,2,6,0.1589310852998266,False
YER012W,PRE1,pre1-1,tsa289,1,2,2,6,0.15937365350005447,False
YER012W,PRE1,pre1-1,tsa289,1,2,2,6,0.15873045348420284,False
YER012W,PRE1,pre1-1,tsa289,1,2,2,6,0.15925845051498627,False
YER012W,PRE1,pre1-1,tsa289,1,2,2,6,0.1584200110457227,False
YER012W,PRE1,pre1-1,tsa289,1,2,2,6,0.15955559746881065,False
YER012W,PRE1,pre1-1,tsa289,1,2,2,6,0.1594193547793692,False
YER012W,PRE1,pre1-1,tsa289,1,2,2,6,0.15855754914883963,False
YER012W,PRE1,pre1-1,tsa289,1,2,2,6,0.15569012317962416,False
YER012W,PRE1,pre1-1,tsa289,1,2,2,6,0.15890891415693537,False
YER012W,PRE1,pre1-1,tsa289,1,2,2,6,0.15946710480492268,False
YER012W,PRE1,pre1-1,tsa289,1,2,2,6,0.15941860865104607,False
YER012W,PRE1,pre1-1,tsa289,1,2,2,6,0.15902687447694475,False
YER012W,PRE1,pre1-1,tsa289,1,2,2,6,0.15955991168378467,False
YER012W,PRE1,pre1-1,tsa289,1,2,2,6,0.1559738708592928,False
YER012W,PRE1,pre1-1,tsa289,1,2,2,6,0.15878505040856844,False
YER012W,PRE1,pre1-1,tsa289,1,2,2,6,0.1577969615885179,False
YER012W,PRE1,pre1-1,tsa289,1,2,2,6,0.15940192499812225,False
YER012W,PRE1,pre1-1,tsa289,1,2,2,6,0.159530212060545,False
YER012W,PRE1,pre1-1,tsa289,1,2,2,6,0.15875636970035267,False
YER012W,PRE1,pre1-1,tsa289,1,2,2,6,0.1587380730411643,False
YER012W,PRE1,pre1-1,tsa289,1,2,2,6,0.15814824368724753,False
YER012W,PRE1,pre1-1,tsa289,1,2,2,6,0.15949696558809406,False
YER012W,PRE1,pre1-1,tsa289,1,2,2,6,0.15904944797429674,False
YER012W,PRE1,pre1-1,tsa289,1,2,2,6,0.15917274660526906,False
YER012W,PRE1,pre1-1,tsa289,1,2,2,6,0.1594307357938712,False
YER012W,PRE1,pre1-1,tsa289,1,2,2,6,0.15724044779700053,False
YER012W,PRE1,pre1-1,tsa289,1,2,2,6,0.15899001951335348,False
YER012W,PRE1,pre1-1,tsa289,1,2,2,6,0.1583129523382751,False
YER012W,PRE1,pre1-1,tsa289,1,2,2,6,0.15919517498116587,False
YER012W,PRE1,pre1-1,tsa289,1,2,2,6,0.15089366208608795,False
YER012W,PRE1,pre1-1,tsa289,1,2,2,6,0.15766371940616855,False
YER012W,PRE1,pre1-1,tsa289,1,2,2,6,0.15262636754347747,False
YER012W,PRE1,pre1-1,tsa289,1,2,2,6,0.15706569545093005,False
YER012W,PRE1,pre1-1,tsa289,1,2,2,6,0.15878193902595455,False
YER012W,PRE1,pre1-1,tsa289,1,2,2,6,0.15909119635575844,False
YER012W,PRE1,pre1-1,tsa289,1,2,2,6,0.1593801026831071,False
YER012W,PRE1,pre1-1,tsa289,1,2,2,6,0.15945394852868333,False
YER012W,PRE1,pre1-1,tsa289,1,2,2,6,0.15739965330767533,False
YER012W,PRE1,pre1-1,tsa289,1,2,2,6,0.15895424087525742,False
YER012W,PRE1,pre1-1,tsa289,1,2,2,6,0.15947883434862947,False
YER012W,PRE1,pre1-1,tsa289,1,2,2,6,0.15860983682218385,False
YER012W,PRE1,pre1-1,tsa289,1,2,2,6,0.1594770996579009,False
YER012W,PRE1,pre1-1,tsa289,1,2,2,6,0.15929212758460298,False
YER012W,PRE1,pre1-1,tsa289,1,2,2,6,0.15761446080758992,False
YER012W,PRE1,pre1-1,tsa289,1,2,2,6,0.15647621073825999,False
YER012W,PRE1,pre1-1,tsa289,1,2,2,6,0.1595334993519937,False
YER012W,PRE1,pre1-1,tsa289,1,2,2,6,0.15952290993263157,False
YER012W,PRE1,pre1-1,tsa289,1,2,2,6,0.1586038628082875,False
YER012W,PRE1,pre1-1,tsa289,1,2,2,6,0.15950101918026696,False
YGR185C,TYS1,tys1-1,tsa290,1,2,4,6,0.15728834124684776,False
YGR185C,TYS1,tys1-1,tsa290,1,2,4,6,0.1568145674681249,False
YGR185C,TYS1,tys1-1,tsa290,1,2,4,6,0.158818673350323,False
YGR185C,TYS1,tys1-1,tsa290,1,2,4,6,0.15955936836589651,False
YGR185C,TYS1,tys1-1,tsa290,1,2,4,6,0.15317848085316582,False
YGR185C,TYS1,tys1-1,tsa290,1,2,4,6,0.158501371989824,False
YGR185C,TYS1,tys1-1,tsa290,1,2,4,6,0.15930437422549837,False
YGR185C,TYS1,tys1-1,tsa290,1,2,4,6,0.1591171158120454,False
YGR185C,TYS1,tys1-1,tsa290,1,2,4,6,0.15950953550348068,False
YGR185C,TYS1,tys1-1,tsa290,1,2,4,6,0.15832111958685888,False
YGR185C,TYS1,tys1-1,tsa290,1,2,4,6,0.15923336392884838,False
YGR185C,TYS1,tys1-1,tsa290,1,2,4,6,0.1516461168195018,False
YGR185C,TYS1,tys1-1,tsa290,1,2,4,6,0.1593794269122936,False
YGR185C,TYS1,tys1-1,tsa290,1,2,4,6,0.1567564707210164,False
YGR185C,TYS1,tys1-1,tsa290,1,2,4,6,0.15886406307190856,False
YGR185C,TYS1,tys1-1,tsa290,1,2,4,6,0.1594697703578312,False
YGR185C,TYS1,tys1-1,tsa290,1,2,4,6,0.1521845956812449,False
YGR185C,TYS1,tys1-1,tsa290,1,2,4,6,0.15911747826915826,False
YGR185C,TYS1,tys1-1,tsa290,1,2,4,6,0.1560462464344788,False
YGR185C,TYS1,tys1-1,tsa290,1,2,4,6,0.1580737572962929,False
YGR185C,TYS1,tys1-1,tsa290,1,2,4,6,0.1571997942550806,False
YGR185C,TYS1,tys1-1,tsa290,1,2,4,6,0.15567008542438915,False
YGR185C,TYS1,tys1-1,tsa290,1,2,4,6,0.15910060647113178,False
YGR185C,TYS1,tys1-1,tsa290,1,2,4,6,0.15641181471974683,False
YGR185C,TYS1,tys1-1,tsa290,1,2,4,6,0.1580985533833831,False
YGR185C,TYS1,tys1-1,tsa290,1,2,4,6,0.1562685402866,False
YGR185C,TYS1,tys1-1,tsa290,1,2,4,6,0.15712005905309523,False
YGR185C,TYS1,tys1-1,tsa290,1,2,4,6,0.1589587711369021,False
YGR185C,TYS1,tys1-1,tsa290,1,2,4,6,0.15649781093147497,False
YGR185C,TYS1,tys1-1,tsa290,1,2,4,6,0.14917268243571474,False
YGR185C,TYS1,tys1-1,tsa290,1,2,4,6,0.15941278683376475,False
YGR185C,TYS1,tys1-1,tsa290,1,2,4,6,0.15713865040305408,False
YGR185C,TYS1,tys1-1,tsa290,1,2,4,6,0.15916675890493368,False
YGR185C,TYS1,tys1-1,tsa290,1,2,4,6,0.1567075642553017,False
YGR185C,TYS1,tys1-1,tsa290,1,2,4,6,0.1539849876791014,False
YGR185C,TYS1,tys1-1,tsa290,1,2,4,6,0.15495305358451977,False
YGR185C,TYS1,tys1-1,tsa290,1,2,4,6,0.1566087509179612,False
YGR185C,TYS1,tys1-1,tsa290,1,2,4,6,0.1566811518044902,False
YGR185C,TYS1,tys1-1,tsa290,1,2,4,6,0.15929577441633203,False
YGR185C,TYS1,tys1-1,tsa290,1,2,4,6,0.15826823133596207,False
YGR185C,TYS1,tys1-1,tsa290,1,2,4,6,0.15695897249018373,False
YGR185C,TYS1,tys1-1,tsa290,1,2,4,6,0.1571696743722934,False
YGR185C,TYS1,tys1-1,tsa290,1,2,4,6,0.1591424110027977,False
YGR185C,TYS1,tys1-1,tsa290,1,2,4,6,0.15329077044953757,False
YGR185C,TYS1,tys1-1,tsa290,1,2,4,6,0.15500288463743944,False
YGR185C,TYS1,tys1-1,tsa290,1,2,4,6,0.15752282024592215,False
YGR185C,TYS1,tys1-1,tsa290,1,2,4,6,0.15886279257240435,False
YGR185C,TYS1,tys1-1,tsa290,1,2,4,6,0.15555209500803283,False
YGR185C,TYS1,tys1-1,tsa290,1,2,4,6,0.15807451845315834,False
YGR185C,TYS1,tys1-1,tsa290,1,2,4,6,0.15934826537985522,False
YGR185C,TYS1,tys1-1,tsa290,1,2,4,6,0.15721160499333311,False
YGR185C,TYS1,tys1-1,tsa290,1,2,4,6,0.15889379657275646,False
YGR185C,TYS1,tys1-1,tsa290,1,2,4,6,0.15930659376107417,False
YGR185C,TYS1,tys1-1,tsa290,1,2,4,6,0.15948560053906388,False
YGR185C,TYS1,tys1-1,tsa290,1,2,4,6,0.15188312369832263,False
YGR185C,TYS1,tys1-1,tsa290,1,2,4,6,0.15833538174525505,False
YGR185C,TYS1,tys1-1,tsa290,1,2,4,6,0.15915344512219518,False
YGR185C,TYS1,tys1-1,tsa290,1,2,4,6,0.15899241916808046,False
YGR185C,TYS1,tys1-1,tsa290,1,2,4,6,0.15766327034813843,False
YGR185C,TYS1,tys1-1,tsa290,1,2,4,6,0.15923597967093106,False
YGR185C,TYS1,tys1-1,tsa290,1,2,4,6,0.15955507379815323,False
YGR185C,TYS1,tys1-1,tsa290,1,2,4,6,0.15950213364469476,False
YGR185C,TYS1,tys1-1,tsa290,1,2,4,6,0.15949310299361383,False
YGR185C,TYS1,tys1-1,tsa290,1,2,4,6,0.1593184844726872,False
YGR185C,TYS1,tys1-1,tsa290,1,2,4,6,0.1582512746913641,False
YGR185C,TYS1,tys1-1,tsa290,1,2,4,6,0.15896740767173168,False
YGR185C,TYS1,tys1-1,tsa290,1,2,4,6,0.15663963229563105,False
YGR185C,TYS1,tys1-1,tsa290,1,2,4,6,0.15831876157560193,False
YGR185C,TYS1,tys1-1,tsa290,1,2,4,6,0.15865272145200238,False
YGR185C,TYS1,tys1-1,tsa290,1,2,4,6,0.15771168647098904,False
YGR185C,TYS1,tys1-1,tsa290,1,2,4,6,0.15692105443886142,False
YGR185C,TYS1,tys1-1,tsa290,1,2,4,6,0.1585279920873154,False
YGR185C,TYS1,tys1-1,tsa290,1,2,4,6,0.14619518335607126,False
YGR185C,TYS1,tys1-1,tsa290,1,2,4,6,0.15929061645287232,False
YGR185C,TYS1,tys1-1,tsa290,1,2,4,6,0.15376353246247307,False
YGR185C,TYS1,tys1-1,tsa290,1,2,4,6,0.15949530589807634,False
YGR185C,TYS1,tys1-1,tsa290,1,2,4,6,0.1595526403693496,False
YGR185C,TYS1,tys1-1,tsa290,1,2,4,6,0.15402550361249578,False
YGR185C,TYS1,tys1-1,tsa290,1,2,4,6,0.14614361107826512,False
YGR185C,TYS1,tys1-1,tsa290,1,2,4,6,0.15906541946162733,False
YGR185C,TYS1,tys1-1,tsa290,1,2,4,6,0.15907684906731864,False
YGR185C,TYS1,tys1-1,tsa290,1,2,4,6,0.1565657743066909,False
YGR185C,TYS1,tys1-1,tsa290,1,2,4,6,0.15634183024959836,False
YGR185C,TYS1,tys1-1,tsa290,1,2,4,6,0.15609940951596038,False
YGR185C,TYS1,tys1-1,tsa290,1,2,4,6,0.15519832745424736,False
YGR185C,TYS1,tys1-1,tsa290,1,2,4,6,0.15131012132071509,False
YGR185C,TYS1,tys1-1,tsa290,1,2,4,6,0.15845788093464627,False
YGR185C,TYS1,tys1-1,tsa290,1,2,4,6,0.15373586595477867,False
YGR185C,TYS1,tys1-1,tsa290,1,2,4,6,0.1595109362718267,False
YGR185C,TYS1,tys1-1,tsa290,1,2,4,6,0.1595341419473589,False
YGR185C,TYS1,tys1-1,tsa290,1,2,4,6,0.15298758305175536,False
YGR185C,TYS1,tys1-1,tsa290,1,2,4,6,0.1591638851450294,False
YGR185C,TYS1,tys1-1,tsa290,1,2,4,6,0.1575787197391934,False
YGR185C,TYS1,tys1-1,tsa290,1,2,4,6,0.1584108526985113,False
YGR185C,TYS1,tys1-1,tsa290,1,2,4,6,0.15524442492833296,False
YGR185C,TYS1,tys1-1,tsa290,1,2,4,6,0.15913258429737812,False
YGR185C,TYS1,tys1-1,tsa290,1,2,4,6,0.15786798456000448,False
YGR185C,TYS1,tys1-1,tsa290,1,2,4,6,0.15352845619658612,False
YGR185C,TYS1,tys1-1,tsa290,1,2,4,6,0.15898563962907145,False
YGR185C,TYS1,tys1-1,tsa290,1,2,4,6,0.15602691082959072,False
YGR185C,TYS1,tys1-1,tsa290,1,2,4,6,0.15893842555989857,False
YGR185C,TYS1,tys1-1,tsa290,1,2,4,6,0.15752840231907084,False
YGR185C,TYS1,tys1-1,tsa290,1,2,4,6,0.1562129696740764,False
YGR185C,TYS1,tys1-1,tsa290,1,2,4,6,0.1556404259819968,False
YGR185C,TYS1,tys1-1,tsa290,1,2,4,6,0.15429493269583733,False
YGR185C,TYS1,tys1-1,tsa290,1,2,4,6,0.15929566981806975,False
YGR185C,TYS1,tys1-1,tsa290,1,2,4,6,0.1587486855812656,False
YGR185C,TYS1,tys1-1,tsa290,1,2,4,6,0.15715153597425782,False
YGR185C,TYS1,tys1-1,tsa290,1,2,4,6,0.15813988589420713,False
YGR185C,TYS1,tys1-1,tsa290,1,2,4,6,0.1502284685752957,False
YGR185C,TYS1,tys1-1,tsa290,1,2,4,6,0.15136830998840292,False
YGR185C,TYS1,tys1-1,tsa290,1,2,4,6,0.15852034952234773,False
YGR185C,TYS1,tys1-1,tsa290,1,2,4,6,0.15912080817452326,False
YGR185C,TYS1,tys1-1,tsa290,1,2,4,6,0.15628641447097924,False
YGR185C,TYS1,tys1-1,tsa290,1,2,4,6,0.15951276294501812,False
YGR185C,TYS1,tys1-1,tsa290,1,2,4,6,0.1584079854110774,False
YGR185C,TYS1,tys1-1,tsa290,1,2,4,6,0.15766577604804366,False
YGR185C,TYS1,tys1-1,tsa290,1,2,4,6,0.1593689659696937,False
YGR185C,TYS1,tys1-1,tsa290,1,2,4,6,0.1547266646890843,False
YGR185C,TYS1,tys1-1,tsa290,1,2,4,6,0.15572185183533524,False
YGR185C,TYS1,tys1-1,tsa290,1,2,4,6,0.15141581387790398,False
YGR185C,TYS1,tys1-1,tsa290,1,2,4,6,0.15851300751131647,False
YGR185C,TYS1,tys1-1,tsa290,1,2,4,6,0.15786181855563808,False
YGR185C,TYS1,tys1-1,tsa290,1,2,4,6,0.15914496703865175,False
YGR185C,TYS1,tys1-1,tsa290,1,2,4,6,0.15660990145486156,False
YGR185C,TYS1,tys1-1,tsa290,1,2,4,6,0.15570518273216677,False
YGR185C,TYS1,tys1-1,tsa290,1,2,4,6,0.15772575501650016,False
YGR185C,TYS1,tys1-1,tsa290,1,2,4,6,0.15807258926320142,False
YGR185C,TYS1,tys1-1,tsa290,1,2,4,6,0.1591257703053767,False
YGR185C,TYS1,tys1-1,tsa290,1,2,4,6,0.15805031468889547,False
YGR185C,TYS1,tys1-1,tsa290,1,2,4,6,0.13309517413627675,False
YGR185C,TYS1,tys1-1,tsa290,1,2,4,6,0.15906393616163664,False
YGR185C,TYS1,tys1-1,tsa290,1,2,4,6,0.158846570429101,False
YGR185C,TYS1,tys1-1,tsa290,1,2,4,6,0.15888678471121656,False
YGR185C,TYS1,tys1-1,tsa290,1,2,4,6,0.15378066154546344,False
YGR185C,TYS1,tys1-1,tsa290,1,2,4,6,0.15893858254983842,False
YGR185C,TYS1,tys1-1,tsa290,1,2,4,6,0.15721013393057895,False
YGR185C,TYS1,tys1-1,tsa290,1,2,4,6,0.15881455420516,False
YGR185C,TYS1,tys1-1,tsa290,1,2,4,6,0.15917306506612552,False
YGR185C,TYS1,tys1-1,tsa290,1,2,4,6,0.15801672092461252,False
YGR185C,TYS1,tys1-1,tsa290,1,2,4,6,0.15946082190810637,False
YGR185C,TYS1,tys1-1,tsa290,1,2,4,6,0.15922492259123183,False
YGR185C,TYS1,tys1-1,tsa290,1,2,4,6,0.15873323746049306,False
YGR185C,TYS1,tys1-1,tsa290,1,2,4,6,0.1595307648719096,False
YGR185C,TYS1,tys1-1,tsa290,1,2,4,6,0.1595371829886125,False
YGR185C,TYS1,tys1-1,tsa290,1,2,4,6,0.15649098710331402,False
YGR185C,TYS1,tys1-1,tsa290,1,2,4,6,0.15579562783825274,False
YGR185C,TYS1,tys1-1,tsa290,1,2,4,6,0.15904938293700263,False
YGR185C,TYS1,tys1-1,tsa290,1,2,4,6,0.15444470317801742,False
YGR185C,TYS1,tys1-1,tsa290,1,2,4,6,0.15952770119814152,False
YGR185C,TYS1,tys1-1,tsa290,1,2,4,6,0.15777722965317037,False
YGR185C,TYS1,tys1-1,tsa290,1,2,4,6,0.15705553586025436,False
YGR185C,TYS1,tys1-1,tsa290,1,2,4,6,0.1565115875051235,False
YGR185C,TYS1,tys1-1,tsa290,1,2,4,6,0.1509533070454731,False
YGR185C,TYS1,tys1-1,tsa290,1,2,4,6,0.1595599174478559,False
YGR185C,TYS1,tys1-1,tsa290,1,2,4,6,0.15842425197308246,False
YGR185C,TYS1,tys1-1,tsa290,1,2,4,6,0.15483558894039418,False
YGR185C,TYS1,tys1-1,tsa290,1,2,4,6,0.15952587491643627,False
YGR185C,TYS1,tys1-1,tsa290,1,2,4,6,0.15195134560893897,False
YGR185C,TYS1,tys1-1,tsa290,1,2,4,6,0.14178830871521997,False
YGR185C,TYS1,tys1-1,tsa290,1,2,4,6,0.1540033763596965,False
YGR185C,TYS1,tys1-1,tsa290,1,2,4,6,0.15612123001668654,False
YGR185C,TYS1,tys1-1,tsa290,1,2,4,6,0.15954384416246944,False
YGR185C,TYS1,tys1-1,tsa290,1,2,4,6,0.1593497245847869,False
YGR185C,TYS1,tys1-1,tsa290,1,2,4,6,0.1579392281838253,False
YGR185C,TYS1,tys1-1,tsa290,1,2,4,6,0.1570509388598457,False
YGR185C,TYS1,tys1-1,tsa290,1,2,4,6,0.1535731712695668,False
YGR185C,TYS1,tys1-1,tsa290,1,2,4,6,0.15936245868935214,False
YGR185C,TYS1,tys1-1,tsa290,1,2,4,6,0.15914110697734074,False
YGR185C,TYS1,tys1-1,tsa290,1,2,4,6,0.15686321220824545,False
YGR185C,TYS1,tys1-1,tsa290,1,2,4,6,0.15928606842232518,False
YGR185C,TYS1,tys1-1,tsa290,1,2,4,6,0.1530143663999481,False
YGR185C,TYS1,tys1-1,tsa290,1,2,4,6,0.1590118915602077,False
YGR185C,TYS1,tys1-1,tsa290,1,2,4,6,0.15353146789526817,False
YGR185C,TYS1,tys1-1,tsa290,1,2,4,6,0.15030068692761706,False
YGR185C,TYS1,tys1-1,tsa290,1,2,4,6,0.15923453301332977,False
YGR185C,TYS1,tys1-1,tsa290,1,2,4,6,0.15760712719421663,False
YGR185C,TYS1,tys1-1,tsa290,1,2,4,6,0.15918799214573712,False
YGR185C,TYS1,tys1-1,tsa290,1,2,4,6,0.15938761926855918,False
YGR185C,TYS1,tys1-1,tsa290,1,2,4,6,0.15905556769480136,False
YGR185C,TYS1,tys1-1,tsa290,1,2,4,6,0.15950729869060018,False
YGR185C,TYS1,tys1-1,tsa290,1,2,4,6,0.15529143758547737,False
YGR185C,TYS1,tys1-1,tsa290,1,2,4,6,0.15639788783224184,False
YGR185C,TYS1,tys1-1,tsa290,1,2,4,6,0.15810949877920988,False
YGR185C,TYS1,tys1-1,tsa290,1,2,4,6,0.13558248212092364,False
YGR185C,TYS1,tys1-1,tsa290,1,2,4,6,0.15868497483890126,False
YGR185C,TYS1,tys1-1,tsa290,1,2,4,6,0.15486316073472897,False
YGR185C,TYS1,tys1-1,tsa290,1,2,4,6,0.15213633007966554,False
YGR185C,TYS1,tys1-1,tsa290,1,2,4,6,0.1591813815399422,False
YGR185C,TYS1,tys1-1,tsa290,1,2,4,6,0.15648092987451212,False
YGR185C,TYS1,tys1-1,tsa290,1,2,4,6,0.15831425273161448,False
YGR185C,TYS1,tys1-1,tsa290,1,2,4,6,0.1535942041234728,False
YGR185C,TYS1,tys1-1,tsa290,1,2,4,6,0.15845222523706753,False
YGR185C,TYS1,tys1-1,tsa290,1,2,4,6,0.15955066131567314,False
YGR185C,TYS1,tys1-1,tsa290,1,2,4,6,0.15952220741172304,False
YGR185C,TYS1,tys1-1,tsa290,1,2,4,6,0.15752962733427112,False
YGR185C,TYS1,tys1-1,tsa290,1,2,4,6,0.15916438918315157,False
YGR185C,TYS1,tys1-1,tsa290,1,2,4,6,0.15824681790275666,False
YGR185C,TYS1,tys1-1,tsa290,1,2,4,6,0.15546195549654424,False
YGR185C,TYS1,tys1-1,tsa290,1,2,4,6,0.15927417500559732,False
YGR185C,TYS1,tys1-1,tsa290,1,2,4,6,0.15956068052195932,False
YGR185C,TYS1,tys1-1,tsa290,1,2,4,6,0.15760855368096616,False
YGR185C,TYS1,tys1-1,tsa290,1,2,4,6,0.15751729931006495,False
YGR185C,TYS1,tys1-1,tsa290,1,2,4,6,0.15403852316209468,False
YGR185C,TYS1,tys1-1,tsa290,1,2,4,6,0.15947424313352274,False
YGR185C,TYS1,tys1-1,tsa290,1,2,4,6,0.15345769604833043,False
YGR185C,TYS1,tys1-1,tsa290,1,2,4,6,0.1496711842248615,False
YGR185C,TYS1,tys1-1,tsa290,1,2,4,6,0.15910272860198896,False
YGR185C,TYS1,tys1-1,tsa290,1,2,4,6,0.1593252627581641,False
YGR185C,TYS1,tys1-1,tsa290,1,2,4,6,0.15810297554990205,False
YGR185C,TYS1,tys1-1,tsa290,1,2,4,6,0.15702101208971364,False
YGR185C,TYS1,tys1-1,tsa290,1,2,4,6,0.158575045446074,False
YGR185C,TYS1,tys1-1,tsa290,1,2,4,6,0.15920453623734612,False
YGR185C,TYS1,tys1-1,tsa290,1,2,4,6,0.1553028145114289,False
YGR185C,TYS1,tys1-1,tsa290,1,2,4,6,0.15944345539525195,False
YGR185C,TYS1,tys1-1,tsa290,1,2,4,6,0.15208885751836837,False
YGR185C,TYS1,tys1-1,tsa290,1,2,4,6,0.15509439700768957,False
YGR185C,TYS1,tys1-1,tsa290,1,2,4,6,0.15827095598470314,False
YGR185C,TYS1,tys1-1,tsa290,1,2,4,6,0.15921503116764738,False
YGR185C,TYS1,tys1-1,tsa290,1,2,4,6,0.15789179091041472,False
YGR185C,TYS1,tys1-1,tsa290,1,2,4,6,0.15298776989682508,False
YGR185C,TYS1,tys1-1,tsa290,1,2,4,6,0.15905421214743426,False
YGR185C,TYS1,tys1-1,tsa290,1,2,4,6,0.14835595651722713,False
YGR185C,TYS1,tys1-1,tsa290,1,2,4,6,0.1595420620144133,False
YGR185C,TYS1,tys1-1,tsa290,1,2,4,6,0.1571304708715265,False
YGR185C,TYS1,tys1-1,tsa290,1,2,4,6,0.15858498018805026,False
YGR185C,TYS1,tys1-1,tsa290,1,2,4,6,0.15830971643850156,False
YGR185C,TYS1,tys1-1,tsa290,1,2,4,6,0.15674841350343063,False
YGR185C,TYS1,tys1-1,tsa290,1,2,4,6,0.15791860914767822,False
YGR185C,TYS1,tys1-1,tsa290,1,2,4,6,0.15668575986604347,False
YGR185C,TYS1,tys1-1,tsa290,1,2,4,6,0.15601135901268173,False
YGR185C,TYS1,tys1-1,tsa290,1,2,4,6,0.15909202516260737,False
YGR185C,TYS1,tys1-1,tsa290,1,2,4,6,0.15853692743352968,False
YGR185C,TYS1,tys1-1,tsa290,1,2,4,6,0.15807518067856657,False
YGR185C,TYS1,tys1-1,tsa290,1,2,4,6,0.15399642896233393,False
YGR185C,TYS1,tys1-1,tsa290,1,2,4,6,0.15919841572702717,False
YGR185C,TYS1,tys1-1,tsa290,1,2,4,6,0.15866927570755032,False
YGR185C,TYS1,tys1-1,tsa290,1,2,4,6,0.15900200387944458,False
YGR185C,TYS1,tys1-1,tsa290,1,2,4,6,0.15664405700668269,False
YGR185C,TYS1,tys1-1,tsa290,1,2,4,6,0.15865153519268765,False
YGR185C,TYS1,tys1-1,tsa290,1,2,4,6,0.15923217381076527,False
YGR185C,TYS1,tys1-1,tsa290,1,2,4,6,0.1595602245327828,False
YGR185C,TYS1,tys1-1,tsa290,1,2,4,6,0.1534854815394842,False
YGR185C,TYS1,tys1-1,tsa290,1,2,4,6,0.15944761476290942,False
YGR185C,TYS1,tys1-1,tsa290,1,2,4,6,0.15954805170960618,False
YGR185C,TYS1,tys1-1,tsa290,1,2,4,6,0.15911591587267726,False
YGR185C,TYS1,tys1-1,tsa290,1,2,4,6,0.15814533231715153,False
YGR185C,TYS1,tys1-1,tsa290,1,2,4,6,0.15790090588567665,False
YGR185C,TYS1,tys1-1,tsa290,1,2,4,6,0.15603696447393955,False
YGR185C,TYS1,tys1-1,tsa290,1,2,4,6,0.15342367284781266,False
YGR185C,TYS1,tys1-1,tsa290,1,2,4,6,0.15941184958003507,False
YGR185C,TYS1,tys1-1,tsa290,1,2,4,6,0.15938433575606253,False
YGR185C,TYS1,tys1-1,tsa290,1,2,4,6,0.15451657645525835,False
YGR185C,TYS1,tys1-1,tsa290,1,2,4,6,0.15892024396115514,False
YGR185C,TYS1,tys1-1,tsa290,1,2,4,6,0.15897616130323666,False
YGR185C,TYS1,tys1-1,tsa290,1,2,4,6,0.15859352859170878,False
YGR185C,TYS1,tys1-1,tsa290,1,2,4,6,0.15924771084978623,False
YGR185C,TYS1,tys1-1,tsa290,1,2,4,6,0.157198945931668,False
YGR185C,TYS1,tys1-1,tsa290,1,2,4,6,0.15824272134696624,False
YGR185C,TYS1,tys1-1,tsa290,1,2,4,6,0.15528211004578113,False
YGR185C,TYS1,tys1-1,tsa290,1,2,4,6,0.1595595749946204,False
YGR185C,TYS1,tys1-1,tsa290,1,2,4,6,0.1571686015761198,False
YGR185C,TYS1,tys1-1,tsa290,1,2,4,6,0.1587250832461519,False
YGR185C,TYS1,tys1-1,tsa290,1,2,4,6,0.15909852826930915,False
YGR185C,TYS1,tys1-1,tsa290,1,2,4,6,0.1528000800323298,False
YGR185C,TYS1,tys1-1,tsa290,1,2,4,6,0.15875911469742732,False
YGR185C,TYS1,tys1-1,tsa290,1,2,4,6,0.15870860931066724,False
YGR185C,TYS1,tys1-1,tsa290,1,2,4,6,0.1577426511314295,False
YGR185C,TYS1,tys1-1,tsa290,1,2,4,6,0.15886441169012125,False
YGR185C,TYS1,tys1-1,tsa290,1,2,4,6,0.15805192191733028,False
YGR185C,TYS1,tys1-1,tsa290,1,2,4,6,0.15946846682981494,False
YGR185C,TYS1,tys1-1,tsa290,1,2,4,6,0.15943443608118074,False
YGR185C,TYS1,tys1-1,tsa290,1,2,4,6,0.151351675587605,False
YGR185C,TYS1,tys1-1,tsa290,1,2,4,6,0.15835401216105174,False
YGR185C,TYS1,tys1-1,tsa290,1,2,4,6,0.15947013332664337,False
YGR185C,TYS1,tys1-1,tsa290,1,2,4,6,0.1594430360979594,False
YGR185C,TYS1,tys1-1,tsa290,1,2,4,6,0.15946882447527128,False
YGR185C,TYS1,tys1-1,tsa290,1,2,4,6,0.1595383674223215,False
YGR185C,TYS1,tys1-1,tsa290,1,2,4,6,0.15718040503690286,False
YGR185C,TYS1,tys1-1,tsa290,1,2,4,6,0.15919953772780743,False
YGR185C,TYS1,tys1-1,tsa290,1,2,4,6,0.1559534205674326,False
YGR185C,TYS1,tys1-1,tsa290,1,2,4,6,0.1583912525078626,False
YGR185C,TYS1,tys1-1,tsa290,1,2,4,6,0.15801075035098142,False
YGR185C,TYS1,tys1-1,tsa290,1,2,4,6,0.1593889890767538,False
YGR185C,TYS1,tys1-1,tsa290,1,2,4,6,0.15947415359658215,False
YGR185C,TYS1,tys1-1,tsa290,1,2,4,6,0.15867374288153505,False
YGR185C,TYS1,tys1-1,tsa290,1,2,4,6,0.1556843620779433,False
YGR185C,TYS1,tys1-1,tsa290,1,2,4,6,0.15945923274263762,False
YGR185C,TYS1,tys1-1,tsa290,1,2,4,6,0.15557932785943404,False
YGR185C,TYS1,tys1-1,tsa290,1,2,4,6,0.15533771464410648,False
YGR185C,TYS1,tys1-1,tsa290,1,2,4,6,0.15775845015076992,False
YGR185C,TYS1,tys1-1,tsa290,1,2,4,6,0.15911756463477253,False
YGR185C,TYS1,tys1-1,tsa290,1,2,4,6,0.15890407391529252,False
YGR185C,TYS1,tys1-1,tsa290,1,2,4,6,0.1503968749798445,False
YGR185C,TYS1,tys1-1,tsa290,1,2,4,6,0.15953898320030907,False
YGR185C,TYS1,tys1-1,tsa290,1,2,4,6,0.15952318961660159,False
YGR185C,TYS1,tys1-1,tsa290,1,2,4,6,0.15568494892366042,False
YGR185C,TYS1,tys1-1,tsa290,1,2,4,6,0.15858335480852356,False
YGR185C,TYS1,tys1-1,tsa290,1,2,4,6,0.15368744832476727,False
YGR185C,TYS1,tys1-1,tsa290,1,2,4,6,0.15950171584057268,False
YGR185C,TYS1,tys1-1,tsa290,1,2,4,6,0.15872190183944979,False
YGR185C,TYS1,tys1-1,tsa290,1,2,4,6,0.15893651401165515,False
YGR185C,TYS1,tys1-1,tsa290,1,2,4,6,0.15627248980564493,False
YGR185C,TYS1,tys1-1,tsa290,1,2,4,6,0.15191417371090563,False
YGR185C,TYS1,tys1-1,tsa290,1,2,4,6,0.15821620926851446,False
YGR185C,TYS1,tys1-1,tsa290,1,2,4,6,0.15845851900436342,False
YGR185C,TYS1,tys1-1,tsa290,1,2,4,6,0.15169683336144907,False
YGR185C,TYS1,tys1-1,tsa290,1,2,4,6,0.15816473039414286,False
YGR185C,TYS1,tys1-1,tsa290,1,2,4,6,0.15641893664828155,False
YGR185C,TYS1,tys1-1,tsa290,1,2,4,6,0.15902197691102657,False
YGR185C,TYS1,tys1-1,tsa290,1,2,4,6,0.1505029620666128,False
YGR185C,TYS1,tys1-1,tsa290,1,2,4,6,0.15358282758153213,False
YGR185C,TYS1,tys1-1,tsa290,1,2,4,6,0.15811170245637365,False
YGR185C,TYS1,tys1-1,tsa290,1,2,4,6,0.1560254665380913,False
YGR185C,TYS1,tys1-1,tsa290,1,2,4,6,0.15815247593113205,False
YGR185C,TYS1,tys1-1,tsa290,1,2,4,6,0.15954045975733672,False
YGR185C,TYS1,tys1-1,tsa290,1,2,4,6,0.15855484235265202,False
YGR185C,TYS1,tys1-1,tsa290,1,2,4,6,0.15676045167093303,False
YGR185C,TYS1,tys1-1,tsa290,1,2,4,6,0.15730126254158147,False
YGR185C,TYS1,tys1-1,tsa290,1,2,4,6,0.1545841267757199,False
YGR185C,TYS1,tys1-1,tsa290,1,2,4,6,0.15406426597925496,False
YGR185C,TYS1,tys1-1,tsa290,1,2,4,6,0.158253400042853,False
YGR185C,TYS1,tys1-1,tsa290,1,2,4,6,0.15885481448719174,False
YGR185C,TYS1,tys1-1,tsa290,1,2,4,6,0.15955265949659456,False
YGR185C,TYS1,tys1-1,tsa290,1,2,4,6,0.12559956203637634,False
YGR185C,TYS1,tys1-1,tsa290,1,2,4,6,0.15902817545727962,False
YGR185C,TYS1,tys1-1,tsa290,1,2,4,6,0.15758168544563958,False
YGR185C,TYS1,tys1-1,tsa290,1,2,4,6,0.1594664701695518,False
YGR185C,TYS1,tys1-1,tsa290,1,2,4,6,0.15809064411227136,False
YGR185C,TYS1,tys1-1,tsa290,1,2,4,6,0.13960265673628042,False
YGR185C,TYS1,tys1-1,tsa290,1,2,4,6,0.15181559061474842,False
YGR185C,TYS1,tys1-1,tsa290,1,2,4,6,0.15955986247995751,False
YGR185C,TYS1,tys1-1,tsa290,1,2,4,6,0.15620708129345443,False
YGR185C,TYS1,tys1-1,tsa290,1,2,4,6,0.14983840193386191,False
YGR185C,TYS1,tys1-1,tsa290,1,2,4,6,0.15809020887860192,False
YGR185C,TYS1,tys1-1,tsa290,1,2,4,6,0.15753208691344406,False
YGR185C,TYS1,tys1-1,tsa290,1,2,4,6,0.1588404831156461,False
YGR185C,TYS1,tys1-1,tsa290,1,2,4,6,0.15725909686852788,False
YGR185C,TYS1,tys1-1,tsa290,1,2,4,6,0.15923108471666472,False
YGR185C,TYS1,tys1-1,tsa290,1,2,4,6,0.15937683391492755,False
YGR185C,TYS1,tys1-1,tsa290,1,2,4,6,0.15810781439735674,False
YGR185C,TYS1,tys1-1,tsa290,1,2,4,6,0.1589911800390169,False
YGR185C,TYS1,tys1-1,tsa290,1,2,4,6,0.1526364495113833,False
YGR185C,TYS1,tys1-1,tsa290,1,2,4,6,0.15922504912514593,False
YGR185C,TYS1,tys1-1,tsa290,1,2,4,6,0.1541751211596897,False
YGR185C,TYS1,tys1-1,tsa290,1,2,4,6,0.15436195477138098,False
YGR185C,TYS1,tys1-1,tsa290,1,2,4,6,0.15912865752791916,False
YGR185C,TYS1,tys1-1,tsa290,1,2,4,6,0.15946083588093732,False
YGR185C,TYS1,tys1-1,tsa290,1,2,4,6,0.1590856580297328,False
YGR185C,TYS1,tys1-1,tsa290,1,2,4,6,0.15909973785663423,False
YGR185C,TYS1,tys1-1,tsa290,1,2,4,6,0.1592766818753968,False
YGR185C,TYS1,tys1-1,tsa290,1,2,4,6,0.1591212498894721,False
YGR185C,TYS1,tys1-1,tsa290,1,2,4,6,0.15934282820715936,False
YGR185C,TYS1,tys1-1,tsa290,1,2,4,6,0.1590551374443839,False
YGR185C,TYS1,tys1-1,tsa290,1,2,4,6,0.15943400924907955,False
YGR185C,TYS1,tys1-1,tsa290,1,2,4,6,0.15944641669704704,False
YGR185C,TYS1,tys1-1,tsa290,1,2,4,6,0.1594556856327498,False
YGR185C,TYS1,tys1-1,tsa290,1,2,4,6,0.1586262593703867,False
YGR185C,TYS1,tys1-1,tsa290,1,2,4,6,0.15943885811961803,False
YGR185C,TYS1,tys1-1,tsa290,1,2,4,6,0.15930520348355656,False
YGR185C,TYS1,tys1-1,tsa290,1,2,4,6,0.15940757047857376,False
YGR185C,TYS1,tys1-1,tsa290,1,2,4,6,0.15850409087146922,False
YGR185C,TYS1,tys1-1,tsa290,1,2,4,6,0.15895218932847932,False
YGR185C,TYS1,tys1-1,tsa290,1,2,4,6,0.15701410478034458,False
YGR185C,TYS1,tys1-1,tsa290,1,2,4,6,0.15800945247670625,False
YGR185C,TYS1,tys1-1,tsa290,1,2,4,6,0.15801939765667272,False
YGR185C,TYS1,tys1-1,tsa290,1,2,4,6,0.15953488839194735,False
YGR185C,TYS1,tys1-1,tsa290,1,2,4,6,0.15943888186283595,False
YGR185C,TYS1,tys1-1,tsa290,1,2,4,6,0.15917380289397262,False
YGR185C,TYS1,tys1-1,tsa290,1,2,4,6,0.15952796989686058,False
YGR185C,TYS1,tys1-1,tsa290,1,2,4,6,0.1587435869356627,False
YGR185C,TYS1,tys1-1,tsa290,1,2,4,6,0.1594650958376559,False
YGR185C,TYS1,tys1-1,tsa290,1,2,4,6,0.15677914786467184,False
YGR185C,TYS1,tys1-1,tsa290,1,2,4,6,0.15954720105673437,False
YGR185C,TYS1,tys1-1,tsa290,1,2,4,6,0.1527105609691627,False
YGR185C,TYS1,tys1-1,tsa290,1,2,4,6,0.15936450637235555,False
YGR185C,TYS1,tys1-1,tsa290,1,2,4,6,0.1590765465655115,False
YGR185C,TYS1,tys1-1,tsa290,1,2,4,6,0.15695901259091438,False
YGR185C,TYS1,tys1-1,tsa290,1,2,4,6,0.15942393397949822,False
YGR185C,TYS1,tys1-1,tsa290,1,2,4,6,0.1592017591804391,False
YGR185C,TYS1,tys1-1,tsa290,1,2,4,6,0.15299484203867594,False
YGR185C,TYS1,tys1-1,tsa290,1,2,4,6,0.15219859171759725,False
YGR185C,TYS1,tys1-1,tsa290,1,2,4,6,0.15780558304672607,False
YGR185C,TYS1,tys1-1,tsa290,1,2,4,6,0.15951322795981981,False
YGR185C,TYS1,tys1-1,tsa290,1,2,4,6,0.1566863937194263,False
YGR185C,TYS1,tys1-1,tsa290,1,2,4,6,0.15950007966770746,False
YGR185C,TYS1,tys1-1,tsa290,1,2,4,6,0.15948978786759074,False
YGR185C,TYS1,tys1-1,tsa290,1,2,4,6,0.15947514900886128,False
YGR185C,TYS1,tys1-1,tsa290,1,2,4,6,0.1590583778093947,False
YGR185C,TYS1,tys1-1,tsa290,1,2,4,6,0.15913118764552703,False
YGR185C,TYS1,tys1-1,tsa290,1,2,4,6,0.15924537550310544,False
YGR185C,TYS1,tys1-1,tsa290,1,2,4,6,0.15940731743256759,False
YGR185C,TYS1,tys1-1,tsa290,1,2,4,6,0.15907932829262977,False
YGR185C,TYS1,tys1-1,tsa290,1,2,4,6,0.15855839134926925,False
YGR185C,TYS1,tys1-1,tsa290,1,2,4,6,0.15943607036153143,False
YGR185C,TYS1,tys1-1,tsa290,1,2,4,6,0.1591244073309974,False
YGR185C,TYS1,tys1-1,tsa290,1,2,4,6,0.15938809570864831,False
YGR185C,TYS1,tys1-1,tsa290,1,2,4,6,0.15439402366226707,False
YGR185C,TYS1,tys1-1,tsa290,1,2,4,6,0.15950955535241595,False
YGR185C,TYS1,tys1-1,tsa290,1,2,4,6,0.1592107510925363,False
YGR185C,TYS1,tys1-1,tsa290,1,2,4,6,0.1595559371013559,False
YGR185C,TYS1,tys1-1,tsa290,1,2,4,6,0.15950811489945393,False
YGR185C,TYS1,tys1-1,tsa290,1,2,4,6,0.15952153498486596,False
YGR185C,TYS1,tys1-1,tsa290,1,2,4,6,0.15928092809973537,False
YGR185C,TYS1,tys1-1,tsa290,1,2,4,6,0.1593408217328924,False
YGR185C,TYS1,tys1-1,tsa290,1,2,4,6,0.15771917525277052,False
YGR185C,TYS1,tys1-1,tsa290,1,2,4,6,0.15953475789270224,False
YGR185C,TYS1,tys1-1,tsa290,1,2,4,6,0.15875620746788335,False
YGR185C,TYS1,tys1-1,tsa290,1,2,4,6,0.15476748731014928,False
YGR185C,TYS1,tys1-1,tsa290,1,2,4,6,0.15951188531399998,False
YGR185C,TYS1,tys1-1,tsa290,1,2,4,6,0.15819928835771774,False
YGR185C,TYS1,tys1-1,tsa290,1,2,4,6,0.1526436273410539,False
YGR185C,TYS1,tys1-1,tsa290,1,2,4,6,0.15737365081791027,False
YGR185C,TYS1,tys1-1,tsa290,1,2,4,6,0.1576346925117172,False
YGR185C,TYS1,tys1-1,tsa290,1,2,4,6,0.15933041698235773,False
YGR185C,TYS1,tys1-1,tsa290,1,2,4,6,0.15656642508978852,False
YGR185C,TYS1,tys1-1,tsa290,1,2,4,6,0.1590646330933094,False
YGR185C,TYS1,tys1-1,tsa290,1,2,4,6,0.15950415724740938,False
YGR185C,TYS1,tys1-1,tsa290,1,2,4,6,0.15942622465432457,False
YGR185C,TYS1,tys1-1,tsa290,1,2,4,6,0.14956765537015357,False
YGR185C,TYS1,tys1-1,tsa290,1,2,4,6,0.15890927404496938,False
YGR185C,TYS1,tys1-1,tsa290,1,2,4,6,0.15948382404045267,False
YGR185C,TYS1,tys1-1,tsa290,1,2,4,6,0.15930398203927298,False
YGR185C,TYS1,tys1-1,tsa290,1,2,4,6,0.15924993786151478,False
YGR185C,TYS1,tys1-1,tsa290,1,2,4,6,0.15947338362794405,False
YGR185C,TYS1,tys1-1,tsa290,1,2,4,6,0.15955870399869626,False
YGR185C,TYS1,tys1-1,tsa290,1,2,4,6,0.15955018016451783,False
YGR185C,TYS1,tys1-1,tsa290,1,2,4,6,0.15934523876377074,False
YGR185C,TYS1,tys1-1,tsa290,1,2,4,6,0.1594703079555804,False
YGR185C,TYS1,tys1-1,tsa290,1,2,4,6,0.15829804952792015,False
YGR185C,TYS1,tys1-1,tsa290,1,2,4,6,0.1548730883833088,False
YGR185C,TYS1,tys1-1,tsa290,1,2,4,6,0.15954246549882237,False
YGR185C,TYS1,tys1-1,tsa290,1,2,4,6,0.15900494877662721,False
YGR185C,TYS1,tys1-1,tsa290,1,2,4,6,0.15939925869219929,False
YGR185C,TYS1,tys1-1,tsa290,1,2,4,6,0.15875819833712965,False
YGR185C,TYS1,tys1-1,tsa290,1,2,4,6,0.15324829278646437,False
YGR185C,TYS1,tys1-1,tsa290,1,2,4,6,0.15926401344674682,False
YGR185C,TYS1,tys1-1,tsa290,1,2,4,6,0.15621875569755925,False
YGR185C,TYS1,tys1-1,tsa290,1,2,4,6,0.15944878560510692,False
YGR185C,TYS1,tys1-1,tsa290,1,2,4,6,0.15902005058816096,False
YGR185C,TYS1,tys1-1,tsa290,1,2,4,6,0.1594631054835516,False
YGR185C,TYS1,tys1-1,tsa290,1,2,4,6,0.1569425327640437,False
YGR185C,TYS1,tys1-1,tsa290,1,2,4,6,0.1584180447836278,False
YGR185C,TYS1,tys1-1,tsa290,1,2,4,6,0.1589008539616242,False
YGR185C,TYS1,tys1-1,tsa290,1,2,4,6,0.1594481082765606,False
YGR185C,TYS1,tys1-1,tsa290,1,2,4,6,0.15941720611851995,False
YGR185C,TYS1,tys1-1,tsa290,1,2,4,6,0.15889070897021215,False
YGR185C,TYS1,tys1-1,tsa290,1,2,4,6,0.15799083545887035,False
YGR185C,TYS1,tys1-1,tsa290,1,2,4,6,0.15889708483688686,False
YGR185C,TYS1,tys1-1,tsa290,1,2,4,6,0.15920521220158,False
YGR185C,TYS1,tys1-1,tsa290,1,2,4,6,0.15870027246475688,False
YGR185C,TYS1,tys1-1,tsa290,1,2,4,6,0.15921502549815378,False
YGR185C,TYS1,tys1-1,tsa290,1,2,4,6,0.1572113758701807,False
YGR185C,TYS1,tys1-1,tsa290,1,2,4,6,0.15955850316269407,False
YGR185C,TYS1,tys1-1,tsa290,1,2,4,6,0.1589667238696438,False
YGR185C,TYS1,tys1-1,tsa290,1,2,4,6,0.15827672462343817,False
YGR185C,TYS1,tys1-1,tsa290,1,2,4,6,0.1592866904655393,False
YGR185C,TYS1,tys1-1,tsa290,1,2,4,6,0.15848350800070485,False
YGR185C,TYS1,tys1-1,tsa290,1,2,4,6,0.1587177203964663,False
YGR185C,TYS1,tys1-1,tsa290,1,2,4,6,0.15653452115592642,False
YGR185C,TYS1,tys1-1,tsa290,1,2,4,6,0.15573867316226897,False
YGR185C,TYS1,tys1-1,tsa290,1,2,4,6,0.15932200529004137,False
YGR185C,TYS1,tys1-1,tsa290,1,2,4,6,0.15902323167188315,False
YGR185C,TYS1,tys1-1,tsa290,1,2,4,6,0.159419117318172,False
YGR185C,TYS1,tys1-1,tsa290,1,2,4,6,0.15952928729855395,False
YGR185C,TYS1,tys1-1,tsa290,1,2,4,6,0.15462124284040366,False
YGR185C,TYS1,tys1-1,tsa290,1,2,4,6,0.15128741258839284,False
YGR185C,TYS1,tys1-1,tsa290,1,2,4,6,0.1593140824154243,False
YGR185C,TYS1,tys1-1,tsa290,1,2,4,6,0.15924783538436785,False
YGR185C,TYS1,tys1-1,tsa290,1,2,4,6,0.1594147933177174,False
YGR185C,TYS1,tys1-1,tsa290,1,2,4,6,0.15872608208481326,False
YGR185C,TYS1,tys1-1,tsa290,1,2,4,6,0.15827463154638746,False
YGR185C,TYS1,tys1-1,tsa290,1,2,4,6,0.15931242954674654,False
YGR185C,TYS1,tys1-1,tsa290,1,2,4,6,0.15819638162156507,False
YGR185C,TYS1,tys1-1,tsa290,1,2,4,6,0.15953946245011658,False
YGR185C,TYS1,tys1-1,tsa290,1,2,4,6,0.15928171487702333,False
YGR185C,TYS1,tys1-1,tsa290,1,2,4,6,0.15933069931634633,False
YGR185C,TYS1,tys1-1,tsa290,1,2,4,6,0.1594512377196347,False
YGR185C,TYS1,tys1-1,tsa290,1,2,4,6,0.15920473820455452,False
YGR185C,TYS1,tys1-1,tsa290,1,2,4,6,0.15893912055723364,False
