ORF,ImageNumber,ObjectNumber,filename,plate_number,well_number,series_number,gene_name,row_id,Num_cells,Num_wells,Penetrance,P-value
YLR422W,1162,1,20181015_135651_850plate10WellA03BlueChannel(series1).tif,10,A03,1,DCK1,1162,1,1,100.0,0.0
YLL060C,173,31,20181002_135035_623plate1WellC10BlueChannel(series2).tif,1,C10,2,GTT2,173,24,1,100.0,0.0
YLR068W,647,8,20181002_135035_623plate1WellI24BlueChannel(series2).tif,1,I24,2,FYV7,647,3,1,100.0,0.0
YJR100C,1160,63,20181015_135403_051plate10WellA02BlueChannel(series2).tif,10,A02,2,AIM25,1160,5,1,100.0,0.0
YLL046C,42,27,20181002_135035_623plate1WellA14BlueChannel(series3).tif,1,A14,3,RNP1,42,16,1,100.0,0.0
YDL138W,1849,45,20181015_135757_230plate10WellJ16BlueChannel(series1).tif,10,J16,1,RGT2,1849,17,1,100.0,0.0
YCR028C,1714,13,20181015_135757_230plate10WellH19BlueChannel(series1).tif,10,H19,1,FEN2,1714,11,1,100.0,0.0
YLR431C,1206,30,20181015_135757_230plate10WellA17BlueChannel(series3).tif,10,A17,3,ATG23,1206,4,1,100.0,0.0
YLR003C,202,3,20181002_135035_623plate1WellC20BlueChannel(series1).tif,1,C20,1,CMS1,202,13,1,100.0,0.0
YMR021C,999,26,20181002_135035_623plate1WellN21BlueChannel(series3).tif,1,N21,3,MAC1,999,4,1,100.0,0.0
YML005W,799,3,20181002_135035_623plate1WellL03BlueChannel(series1).tif,1,L03,1,TRM12,799,5,1,100.0,0.0
YLR012C,293,37,20181002_135035_623plate1WellE02BlueChannel(series2).tif,1,E02,2,,293,15,1,100.0,0.0
YLR065C,636,17,20181002_135035_623plate1WellI20BlueChannel(series3).tif,1,I20,3,SND2,636,7,1,100.0,0.0
YMR198W,708,14,20181002_135035_623plate1WellJ20BlueChannel(series3).tif,1,J20,3,CIK1,708,16,1,100.0,0.0
YLL045C,36,4,20181002_135035_623plate1WellA12BlueChannel(series3).tif,1,A12,3,RPL8B,36,6,1,100.0,0.0
YDR042C,1294,29,20181015_135757_230plate10WellB23BlueChannel(series1).tif,10,B23,1,,1294,11,1,100.0,0.0
YMR153W,256,26,20181002_135035_623plate1WellD14BlueChannel(series1).tif,1,D14,1,NUP53,256,18,1,100.0,0.0
YLR444C,1338,34,20181015_135757_230plate10WellC13BlueChannel(series3).tif,10,C13,3,,1338,18,1,100.0,0.0
YDL107W,1545,10,20181015_135757_230plate10WellF10BlueChannel(series3).tif,10,F10,3,MSS2,1545,16,1,100.0,0.0
YAL062W,33,21,20181002_135035_623plate1WellA11BlueChannel(series3).tif,1,A11,3,GDH3,33,7,1,100.0,0.0
YML019W,649,12,20181002_135035_623plate1WellJ01BlueChannel(series1).tif,1,J01,1,OST6,649,7,1,100.0,0.0
YJR035W,1255,21,20181015_135757_230plate10WellB10BlueChannel(series1).tif,10,B10,1,RAD26,1255,5,1,100.0,0.0
YLR090W,887,12,20181002_135035_623plate1WellM08BlueChannel(series2).tif,1,M08,2,XDJ1,887,4,1,100.0,0.0
YOR309C,1605,8,20181015_135757_230plate10WellG06BlueChannel(series3).tif,10,G06,3,,1605,5,1,100.0,0.0
YMR030W,1124,19,20181002_135035_623plate1WellP15BlueChannel(series2).tif,1,P15,2,RSF1,1124,1,1,100.0,0.0
YJL016W,2093,31,20181015_135757_230plate10WellN01BlueChannel(series2).tif,10,N01,2,TPH3,2093,10,1,100.0,0.0
YLL025W,1034,31,20181002_135035_623plate1WellO09BlueChannel(series2).tif,1,O09,2,PAU17,1034,13,1,100.0,0.0
YLL040C,4,19,20181002_135035_623plate1WellA02BlueChannel(series1).tif,1,A02,1,VPS13,4,5,1,100.0,0.0
YLR053C,498,4,20181002_135035_623plate1WellG22BlueChannel(series3).tif,1,G22,3,,498,2,1,100.0,0.0
YLR452C,1452,6,20181015_135757_230plate10WellE03BlueChannel(series3).tif,10,E03,3,SST2,1452,2,1,100.0,0.0
YJR033C,1249,38,20181015_135757_230plate10WellB08BlueChannel(series1).tif,10,B08,1,RAV1,1249,8,1,100.0,0.0
YLL041C,18,21,20181002_135035_623plate1WellA06BlueChannel(series3).tif,1,A06,3,SDH2,18,23,1,100.0,0.0
YBR297W,1578,43,20181015_135757_230plate10WellF21BlueChannel(series3).tif,10,F21,3,MAL33,1578,13,1,100.0,0.0
YDR033W,1270,26,20181015_135757_230plate10WellB15BlueChannel(series1).tif,10,B15,1,MRH1,1270,10,1,100.0,0.0
YMR147W,227,57,20181002_135035_623plate1WellD04BlueChannel(series2).tif,1,D04,2,LDO45,227,13,1,100.0,0.0
YAL058W,57,124,20181002_135035_623plate1WellA19BlueChannel(series3).tif,1,A19,3,CNE1,57,19,1,100.0,0.0
YMR179W,532,10,20181002_135035_623plate1WellH10BlueChannel(series1).tif,1,H10,1,SPT21,532,12,1,100.0,0.0
YLL023C,1022,35,20181002_135035_623plate1WellO05BlueChannel(series2).tif,1,O05,2,POM33,1022,12,1,100.0,0.0
YLR027C,444,6,20181002_135035_623plate1WellG04BlueChannel(series3).tif,1,G04,3,AAT2,444,1,1,100.0,0.0
YAL002W,591,9,20181002_135035_623plate1WellI05BlueChannel(series3).tif,1,I05,3,VPS8,591,4,1,100.0,0.0
YLL057C,161,12,20181002_135035_623plate1WellC06BlueChannel(series2).tif,1,C06,2,JLP1,161,9,1,100.0,0.0
YLR016C,318,7,20181002_135035_623plate1WellE10BlueChannel(series3).tif,1,E10,3,PML1,318,5,1,100.0,0.0
YMR183C,552,110,20181002_135035_623plate1WellH16BlueChannel(series3).tif,1,H16,3,SSO2,552,7,1,100.0,0.0
YDR009W,2091,3,20181015_135757_230plate10WellM24BlueChannel(series3).tif,10,M24,3,GAL3,2091,1,1,100.0,0.0
YLR112W,1061,55,20181002_135035_623plate1WellO18BlueChannel(series2).tif,1,O18,2,,1061,9,1,100.0,0.0
YJR121W,1225,34,20181015_135757_230plate10WellA24BlueChannel(series1).tif,10,A24,1,ATP2,1225,23,1,100.0,0.0
YAL064C-A,1384,8,20181015_135757_230plate10WellD05BlueChannel(series1).tif,10,D05,1,TDA8,1384,9,1,100.0,0.0
YBR296C,1570,12,20181015_135757_230plate10WellF19BlueChannel(series1).tif,10,F19,1,PHO89,1570,4,1,100.0,0.0
YMR157C,282,9,20181002_135035_623plate1WellD22BlueChannel(series3).tif,1,D22,3,AIM36,282,7,1,100.0,0.0
YAR040C,752,28,20181002_135035_623plate1WellK11BlueChannel(series2).tif,1,K11,2,,752,9,1,100.0,0.0
YJR107W,1177,7,20181015_135757_230plate10WellA08BlueChannel(series1).tif,10,A08,1,LIH1,1177,9,1,100.0,0.0
YML059C,285,32,20181002_135035_623plate1WellD23BlueChannel(series3).tif,1,D23,3,NTE1,285,19,1,100.0,0.0
YJR054W,1381,11,20181015_135757_230plate10WellD04BlueChannel(series1).tif,10,D04,1,KCH1,1381,13,1,100.0,0.0
YAL030W,315,68,20181002_135035_623plate1WellE09BlueChannel(series3).tif,1,E09,3,SNC1,315,13,1,100.0,0.0
YMR172W,1514,8,20181015_135757_230plate10WellE24BlueChannel(series2).tif,10,E24,2,HOT1,1514,26,1,100.0,0.0
YMR184W,558,1,20181002_135035_623plate1WellH18BlueChannel(series3).tif,1,H18,3,ADD37,558,10,1,100.0,0.0
YCL006C,1902,7,20181015_135757_230plate10WellK09BlueChannel(series3).tif,10,K09,3,,1902,32,1,100.0,0.0
YML033W,531,2,20181002_135035_623plate1WellH09BlueChannel(series3).tif,1,H09,3,,531,2,1,100.0,0.0
YMR226C,960,11,20181002_135035_623plate1WellN08BlueChannel(series3).tif,1,N08,3,,960,2,1,100.0,0.0
YLR028C,450,9,20181002_135035_623plate1WellG06BlueChannel(series3).tif,1,G06,3,ADE16,450,2,1,100.0,0.0
YJR070C,2075,12,20181015_135757_230plate10WellM19BlueChannel(series2).tif,10,M19,2,LIA1,2075,5,1,100.0,0.0
YML035C,513,27,20181002_135035_623plate1WellH03BlueChannel(series3).tif,1,H03,3,AMD1,513,3,1,100.0,0.0
YAL034C,303,4,20181002_135035_623plate1WellE05BlueChannel(series3).tif,1,E05,3,FUN19,303,12,1,100.0,0.0
YLL010C,885,9,20181002_135035_623plate1WellM07BlueChannel(series3).tif,1,M07,3,PSR1,885,6,1,100.0,0.0
YLR015W,312,33,20181002_135035_623plate1WellE08BlueChannel(series3).tif,1,E08,3,BRE2,312,23,1,100.0,0.0
YJR084W,2176,105,20181015_135757_230plate10WellO05BlueChannel(series1).tif,10,O05,1,,2176,11,1,100.0,0.0
YLR098C,935,5,20181002_135035_623plate1WellM24BlueChannel(series2).tif,1,M24,2,CHA4,935,2,1,100.0,0.0
YMR041C,106,85,20181002_135035_623plate1WellB12BlueChannel(series1).tif,1,B12,1,ARA2,106,23,1,100.0,0.0
YML057W,368,38,20181002_135035_623plate1WellF03BlueChannel(series2).tif,1,F03,2,CMP2,368,6,1,100.0,0.0
YML055W,387,1,20181002_135035_623plate1WellF09BlueChannel(series3).tif,1,F09,3,SPC2,387,11,1,100.0,0.0
YAL015C,459,14,20181002_135035_623plate1WellG09BlueChannel(series3).tif,1,G09,3,NTG1,459,2,1,100.0,0.0
YML080W,241,4,20181002_135035_623plate1WellD09BlueChannel(series1).tif,1,D09,1,DUS1,241,9,1,100.0,0.0
YMR140W,126,67,20181002_135035_623plate1WellB18BlueChannel(series3).tif,1,B18,3,SIP5,126,19,1,100.0,0.0
YNR032C-A,1630,23,20181015_135757_230plate10WellG15BlueChannel(series1).tif,10,G15,1,HUB1,1630,15,1,100.0,0.0
YJR113C,1191,32,20181015_135757_230plate10WellA12BlueChannel(series3).tif,10,A12,3,RSM7,1191,13,1,100.0,0.0
YAL058C-A,1888,79,20181015_135757_230plate10WellK05BlueChannel(series1).tif,10,K05,1,,1888,12,1,100.0,0.0
YML013W,680,16,20181002_135035_623plate1WellJ11BlueChannel(series2).tif,1,J11,2,UBX2,680,15,1,100.0,0.0
YLR085C,868,40,20181002_135035_623plate1WellM02BlueChannel(series1).tif,1,M02,1,ARP6,868,5,1,100.0,0.0
YDL112W,1561,51,20181015_135757_230plate10WellF16BlueChannel(series1).tif,10,F16,1,TRM3,1561,11,1,100.0,0.0
YLL043W,28,27,20181002_135035_623plate1WellA10BlueChannel(series1).tif,1,A10,1,FPS1,28,26,1,100.0,0.0
YCR027C,1708,23,20181015_135757_230plate10WellH17BlueChannel(series1).tif,10,H17,1,RHB1,1708,10,1,100.0,0.0
YLR456W,1469,13,20181015_135757_230plate10WellE09BlueChannel(series2).tif,10,E09,2,,1469,6,1,100.0,0.0
YJR131W,1329,24,20181015_135757_230plate10WellC10BlueChannel(series3).tif,10,C10,3,MNS1,1329,7,1,100.0,0.0
YMR176W,516,68,20181002_135035_623plate1WellH04BlueChannel(series3).tif,1,H04,3,ECM5,516,11,1,100.0,0.0
YLR061W,611,17,20181002_135035_623plate1WellI12BlueChannel(series2).tif,1,I12,2,RPL22A,611,9,1,100.0,0.0
YLL016W,915,15,20181002_135035_623plate1WellM17BlueChannel(series3).tif,1,M17,3,SDC25,915,7,1,100.0,0.0
YBR274W,1414,27,20181015_135757_230plate10WellD15BlueChannel(series1).tif,10,D15,1,CHK1,1414,17,1,100.0,0.0
YMR221C,858,4,20181002_135035_623plate1WellL22BlueChannel(series3).tif,1,L22,3,FMP42,858,6,1,100.0,0.0
YLL047W,47,90,20181002_135035_623plate1WellA16BlueChannel(series2).tif,1,A16,2,,47,24,1,100.0,0.0
YML003W,813,7,20181002_135035_623plate1WellL07BlueChannel(series3).tif,1,L07,3,,813,10,1,100.0,0.0
YMR205C,809,31,20181002_135035_623plate1WellL06BlueChannel(series2).tif,1,L06,2,PFK2,809,9,1,100.0,0.0
YJR059W,1405,8,20181015_135757_230plate10WellD12BlueChannel(series1).tif,10,D12,1,PTK2,1405,12,1,100.0,0.0
YBR273C,1410,7,20181015_135757_230plate10WellD13BlueChannel(series3).tif,10,D13,3,UBX7,1410,4,1,100.0,0.0
YMR166C,395,3,20181002_135035_623plate1WellF12BlueChannel(series2).tif,1,F12,2,MME1,395,3,1,100.0,0.0
YAL067C,15,7,20181002_135035_623plate1WellA05BlueChannel(series3).tif,1,A05,3,SEO1,15,11,1,100.0,0.0
YML001W,824,7,20181002_135035_623plate1WellL11BlueChannel(series2).tif,1,L11,2,YPT7,824,2,1,100.0,0.0
YMR180C,539,3,20181002_135035_623plate1WellH12BlueChannel(series2).tif,1,H12,2,CTL1,539,2,1,100.0,0.0
YJL020C,2104,103,20181015_135757_230plate10WellN05BlueChannel(series1).tif,10,N05,1,BBC1,2104,11,1,100.0,0.0
YDL114W,1573,3,20181015_135757_230plate10WellF20BlueChannel(series1).tif,10,F20,1,,1573,8,1,100.0,0.0
YML010C-B,1493,80,20181015_135757_230plate10WellE17BlueChannel(series2).tif,10,E17,2,,1493,18,1,100.0,0.0
YAR042W,759,95,20181002_135035_623plate1WellK13BlueChannel(series3).tif,1,K13,3,SWH1,759,28,1,100.0,0.0
YDL099W,1443,23,20181015_135757_230plate10WellD24BlueChannel(series3).tif,10,D24,3,BUG1,1443,5,1,100.0,0.0
YLR433C,1217,50,20181015_135757_230plate10WellA21BlueChannel(series2).tif,10,A21,2,CNA1,1217,15,1,100.0,0.0
YLR021W,347,7,20181002_135035_623plate1WellE20BlueChannel(series2).tif,1,E20,2,IRC25,347,11,1,100.0,0.0
YLR449W,1367,52,20181015_135757_230plate10WellC23BlueChannel(series2).tif,10,C23,2,FPR4,1367,20,1,100.0,0.0
YML051W,410,4,20181002_135035_623plate1WellF17BlueChannel(series2).tif,1,F17,2,GAL80,410,21,1,100.0,0.0
YLR025W,438,1,20181002_135035_623plate1WellG02BlueChannel(series3).tif,1,G02,3,SNF7,438,2,1,100.0,0.0
YMR194C-A,1618,5,20181015_135757_230plate10WellG11BlueChannel(series1).tif,10,G11,1,,1618,5,1,100.0,0.0
YLR069C,725,6,20181002_135035_623plate1WellK02BlueChannel(series2).tif,1,K02,2,MEF1,725,16,1,100.0,0.0
YJL023C,2124,1,20181015_135757_230plate10WellN11BlueChannel(series3).tif,10,N11,3,PET130,2124,4,1,100.0,0.0
YMR020W,992,45,20181002_135035_623plate1WellN19BlueChannel(series2).tif,1,N19,2,FMS1,992,7,1,100.0,0.0
YCL023C,1913,5,20181015_135757_230plate10WellK13BlueChannel(series2).tif,10,K13,2,,1913,8,1,100.0,0.0
YDL142C,1855,3,20181015_135757_230plate10WellJ18BlueChannel(series1).tif,10,J18,1,CRD1,1855,5,1,100.0,0.0
YLR453C,1457,21,20181015_135757_230plate10WellE05BlueChannel(series2).tif,10,E05,2,RIF2,1457,7,1,100.0,0.0
YMR193C-A,689,20,20181002_135035_623plate1WellJ14BlueChannel(series2).tif,1,J14,2,,689,18,1,100.0,0.0
YOR300W,1593,29,20181015_135757_230plate10WellG02BlueChannel(series3).tif,10,G02,3,,1593,15,1,100.0,0.0
YLR121C,91,90,20181002_135035_623plate1WellB07BlueChannel(series1).tif,1,B07,1,YPS3,91,9,1,100.0,0.0
YMR188C,576,4,20181002_135035_623plate1WellH24BlueChannel(series3).tif,1,H24,3,MRPS17,576,13,1,100.0,0.0
YML050W,417,104,20181002_135035_623plate1WellF19BlueChannel(series3).tif,1,F19,3,AIM32,417,19,1,100.0,0.0
YML082W,230,30,20181002_135035_623plate1WellD05BlueChannel(series2).tif,1,D05,2,,230,7,1,100.0,0.0
YML081W,237,31,20181002_135035_623plate1WellD07BlueChannel(series3).tif,1,D07,3,TDA9,237,8,1,100.0,0.0
YML062C,266,49,20181002_135035_623plate1WellD17BlueChannel(series2).tif,1,D17,2,MFT1,266,10,1,100.0,0.0
YMR163C,382,6,20181002_135035_623plate1WellF08BlueChannel(series1).tif,1,F08,1,INP2,382,4,1,100.0,0.0
YLR079W,762,7,20181002_135035_623plate1WellK14BlueChannel(series3).tif,1,K14,3,SIC1,762,8,1,100.0,0.0
YAR047C,775,19,20181002_135035_623plate1WellK19BlueChannel(series1).tif,1,K19,1,,775,10,1,100.0,0.0
YJR005W,2146,4,20181015_135757_230plate10WellN19BlueChannel(series1).tif,10,N19,1,APL1,2146,13,1,100.0,0.0
YBL091C-A,1391,12,20181015_135757_230plate10WellD07BlueChannel(series2).tif,10,D07,2,SCS22,1391,3,1,100.0,0.0
YLL058W,166,5,20181002_135035_623plate1WellC08BlueChannel(series1).tif,1,C08,1,,166,9,1,100.0,0.0
YCR087C-A,2002,104,20181015_135757_230plate10WellL19BlueChannel(series1).tif,10,L19,1,,2002,11,1,100.0,0.0
YML028W,555,140,20181002_135035_623plate1WellH17BlueChannel(series3).tif,1,H17,3,TSA1,555,19,1,100.0,0.0
YLR437C,1313,16,20181015_135757_230plate10WellC05BlueChannel(series2).tif,10,C05,2,DIF1,1313,9,1,100.0,0.0
YAL008W,494,4,20181002_135035_623plate1WellG21BlueChannel(series2).tif,1,G21,2,FUN14,494,4,1,100.0,0.0
YKL030W,1471,53,20181015_135757_230plate10WellE10BlueChannel(series1).tif,10,E10,1,,1471,12,1,100.0,0.0
YML029W,549,72,20181002_135035_623plate1WellH15BlueChannel(series3).tif,1,H15,3,USA1,549,9,1,100.0,0.0
YAL065C,26,18,20181002_135035_623plate1WellA09BlueChannel(series2).tif,1,A09,2,,26,14,1,100.0,0.0
YCR026C,1704,41,20181015_135757_230plate10WellH15BlueChannel(series3).tif,10,H15,3,NPP1,1704,14,1,100.0,0.0
YMR015C,963,34,20181002_135035_623plate1WellN09BlueChannel(series3).tif,1,N09,3,ERG5,963,12,1,100.0,0.0
YDR043C,1374,5,20181015_135757_230plate10WellD01BlueChannel(series3).tif,10,D01,3,NRG1,1374,4,1,100.0,0.0
YAL043C-a,193,24,20181002_135035_623plate1WellC17BlueChannel(series1).tif,1,C17,1,,193,12,1,100.0,0.0
YJR049C,1279,5,20181015_135757_230plate10WellB18BlueChannel(series1).tif,10,B18,1,UTR1,1279,5,1,100.0,0.0
YBR277C,1420,11,20181015_135757_230plate10WellD17BlueChannel(series1).tif,10,D17,1,,1420,3,1,100.0,0.0
YLR443W,1330,29,20181015_135757_230plate10WellC11BlueChannel(series1).tif,10,C11,1,ECM7,1330,12,1,100.0,0.0
YAL049C,158,2,20181002_135035_623plate1WellC05BlueChannel(series2).tif,1,C05,2,AIM2,158,15,1,100.0,0.0
YAR014C,609,9,20181002_135035_623plate1WellI11BlueChannel(series3).tif,1,I11,3,BUD14,609,4,1,100.0,0.0
YJR030C,1239,39,20181015_135757_230plate10WellB04BlueChannel(series3).tif,10,B04,3,RBH2,1239,14,1,100.0,0.0
YLR425W,1175,24,20181015_135757_230plate10WellA07BlueChannel(series2).tif,10,A07,2,TUS1,1175,16,1,100.0,0.0
YLR087C,875,18,20181002_135035_623plate1WellM04BlueChannel(series2).tif,1,M04,2,CSF1,875,6,1,100.0,0.0
YAL037W,211,24,20181002_135035_623plate1WellC23BlueChannel(series1).tif,1,C23,1,,211,6,1,100.0,0.0
YML063W,259,4,20181002_135035_623plate1WellD15BlueChannel(series1).tif,1,D15,1,RPS1B,259,7,1,100.0,0.0
YNR051C,1642,2,20181015_135757_230plate10WellG19BlueChannel(series1).tif,10,G19,1,BRE5,1642,4,1,100.0,0.0
YMR210W,827,3,20181002_135035_623plate1WellL12BlueChannel(series2).tif,1,L12,2,MGL2,827,11,1,100.0,0.0
YLR004C,208,32,20181002_135035_623plate1WellC22BlueChannel(series1).tif,1,C22,1,THI73,208,7,1,100.0,0.0
YML061C,273,6,20181002_135035_623plate1WellD19BlueChannel(series3).tif,1,D19,3,PIF1,273,8,1,100.0,0.0
YLR343W,1485,27,20181015_135757_230plate10WellE14BlueChannel(series3).tif,10,E14,3,GAS2,1485,10,1,100.0,0.0
YDL242W,2041,41,20181015_135757_230plate10WellM08BlueChannel(series1).tif,10,M08,1,,2041,14,1,100.0,0.0
YDL131W,1809,24,20181015_135757_230plate10WellJ02BlueChannel(series3).tif,10,J02,3,LYS21,1809,8,1,100.0,0.0
YMR204C,803,63,20181002_135035_623plate1WellL04BlueChannel(series2).tif,1,L04,2,INP1,803,9,1,100.0,0.0
YDL169C,2007,5,20181015_135757_230plate10WellL20BlueChannel(series3).tif,10,L20,3,UGX2,2007,18,1,100.0,0.0
YMR214W,833,24,20181002_135035_623plate1WellL14BlueChannel(series2).tif,1,L14,2,SCJ1,833,11,1,100.0,0.0
YAR015W,615,11,20181002_135035_623plate1WellI13BlueChannel(series3).tif,1,I13,3,ADE1,615,4,1,100.0,0.0
YMR161W,371,13,20181002_135035_623plate1WellF04BlueChannel(series2).tif,1,F04,2,HLJ1,371,5,1,100.0,0.0
YML052W,404,14,20181002_135035_623plate1WellF15BlueChannel(series2).tif,1,F15,2,SUR7,404,17,1,100.0,0.0
YAL036C,289,46,20181002_135035_623plate1WellE01BlueChannel(series1).tif,1,E01,1,RBG1,289,5,1,100.0,0.0
YLR057W,593,12,20181002_135035_623plate1WellI06BlueChannel(series2).tif,1,I06,2,MNL2,593,9,1,100.0,0.0
YNR065C,1775,11,20181015_135757_230plate10WellI15BlueChannel(series2).tif,10,I15,2,,1775,6,1,100.0,0.0
YMR153C-A,263,5,20181002_135035_623plate1WellD16BlueChannel(series2).tif,1,D16,2,,263,4,1,100.0,0.0
YJR148W,1449,2,20181015_135757_230plate10WellE02BlueChannel(series3).tif,10,E02,3,BAT2,1449,4,1,100.0,0.0
YLR054C,504,36,20181002_135035_623plate1WellG24BlueChannel(series3).tif,1,G24,3,OSW2,504,10,1,100.0,0.0
YJR048W,1273,1,20181015_135757_230plate10WellB16BlueChannel(series1).tif,10,B16,1,CYC1,1273,2,1,100.0,0.0
YLR435W,1301,28,20181015_135757_230plate10WellC01BlueChannel(series2).tif,10,C01,2,TSR2,1301,9,1,100.0,0.0
YLL017W,920,76,20181002_135035_623plate1WellM19BlueChannel(series2).tif,1,M19,2,,920,15,1,100.0,0.0
YMR017W,975,20,20181002_135035_623plate1WellN13BlueChannel(series3).tif,1,N13,3,SPO20,975,5,1,100.0,0.0
YMR060C,1511,6,20181015_135757_230plate10WellE23BlueChannel(series2).tif,10,E23,2,SAM37,1511,2,1,100.0,0.0
YAL029C,321,38,20181002_135035_623plate1WellE11BlueChannel(series3).tif,1,E11,3,MYO4,321,5,1,100.0,0.0
YAL023C,344,3,20181002_135035_623plate1WellE19BlueChannel(series2).tif,1,E19,2,PMT2,344,14,1,100.0,0.0
YBR281C,1433,3,20181015_135757_230plate10WellD21BlueChannel(series2).tif,10,D21,2,DUG2,1433,6,1,100.0,0.0
YMR170C,413,50,20181002_135035_623plate1WellF18BlueChannel(series2).tif,1,F18,2,ALD2,413,12,1,100.0,0.0
YCR031C,1722,35,20181015_135757_230plate10WellH21BlueChannel(series3).tif,10,H21,3,RPS14A,1722,17,1,100.0,0.0
YJR043C,1267,3,20181015_135757_230plate10WellB14BlueChannel(series1).tif,10,B14,1,POL32,1267,24,1,100.0,0.0
YDL226C,1886,2,20181015_135757_230plate10WellK04BlueChannel(series2).tif,10,K04,2,GCS1,1886,22,1,100.0,0.0
YLL026W,1039,1,20181002_135035_623plate1WellO11BlueChannel(series1).tif,1,O11,1,HSP104,1039,19,1,100.0,0.0
YLR013W,299,33,20181002_135035_623plate1WellE04BlueChannel(series2).tif,1,E04,2,GAT3,299,7,1,100.0,0.0
YLR063W,624,9,20181002_135035_623plate1WellI16BlueChannel(series3).tif,1,I16,3,BMT6,624,10,1,100.0,0.0
YML012W,692,13,20181002_135035_623plate1WellJ15BlueChannel(series2).tif,1,J15,2,ERV25,692,11,1,100.0,0.0
YCR066W,1865,2,20181015_135757_230plate10WellJ21BlueChannel(series2).tif,10,J21,2,RAD18,1865,7,1,100.0,0.0
YLR104W,1031,94,20181002_135035_623plate1WellO08BlueChannel(series2).tif,1,O08,2,LCL2,1031,22,1,100.0,0.0
YAR037W,747,9,20181002_135035_623plate1WellK09BlueChannel(series3).tif,1,K09,3,,747,4,1,100.0,0.0
YCR085W,1991,43,20181015_135757_230plate10WellL15BlueChannel(series2).tif,10,L15,2,,1991,22,1,100.0,0.0
YDL176W,2121,12,20181015_135757_230plate10WellN10BlueChannel(series3).tif,10,N10,3,,2121,1,1,100.0,0.0
YAL039C,205,1,20181002_135035_623plate1WellC21BlueChannel(series1).tif,1,C21,1,CYC3,205,1,1,100.0,0.0
YAR023C,632,26,20181002_135035_623plate1WellI19BlueChannel(series2).tif,1,I19,2,,632,19,1,100.0,0.0
YJR126C,1323,25,20181015_135757_230plate10WellC08BlueChannel(series3).tif,10,C08,3,VPS70,1323,11,1,100.0,0.0
YLL002W,788,27,20181002_135035_623plate1WellK23BlueChannel(series2).tif,1,K23,2,RTT109,788,6,1,100.0,0.0
YAR035W,741,45,20181002_135035_623plate1WellK07BlueChannel(series3).tif,1,K07,3,YAT1,741,10,1,100.0,0.0
YML021C,1498,18,20181015_135757_230plate10WellE19BlueChannel(series1).tif,10,E19,1,UNG1,1498,11,1,100.0,0.0
YLR091W,894,1,20181002_135035_623plate1WellM10BlueChannel(series3).tif,1,M10,3,GEP5,894,6,1,100.0,0.0
YLR042C,455,1,20181002_135035_623plate1WellG08BlueChannel(series2).tif,1,G08,2,,455,2,1,100.0,0.0
YML009c,705,9,20181002_135035_623plate1WellJ19BlueChannel(series3).tif,1,J19,3,,705,5,1,100.0,0.0
YMR190C,659,18,20181002_135035_623plate1WellJ04BlueChannel(series2).tif,1,J04,2,SGS1,659,5,1,100.0,0.0
YLR448W,1360,8,20181015_135757_230plate10WellC21BlueChannel(series1).tif,10,C21,1,RPL6B,1360,11,1,100.0,0.0
YJL029C,2134,14,20181015_135757_230plate10WellN15BlueChannel(series1).tif,10,N15,1,VPS53,2134,8,1,100.0,0.0
YML048W-A,428,23,20181002_135035_623plate1WellF23BlueChannel(series2).tif,1,F23,2,,428,9,1,100.0,0.0
YMR012W,949,42,20181002_135035_623plate1WellN05BlueChannel(series1).tif,1,N05,1,CLU1,949,5,1,100.0,0.0
YAR020C,627,24,20181002_135035_623plate1WellI17BlueChannel(series3).tif,1,I17,3,PAU7,627,19,1,100.0,0.0
YLR058C,599,38,20181002_135035_623plate1WellI08BlueChannel(series2).tif,1,I08,2,SHM2,599,8,1,100.0,0.0
YMR169C,406,5,20181002_135035_623plate1WellF16BlueChannel(series1).tif,1,F16,1,ALD3,406,15,2,100.0,0.0
YCR071C,1948,104,20181015_135757_230plate10WellL01BlueChannel(series1).tif,10,L01,1,IMG2,1948,15,1,100.0,0.0
YDR027C,1236,50,20181015_135757_230plate10WellB03BlueChannel(series3).tif,10,B03,3,VPS54,1236,16,1,100.0,0.0
YAL053W,146,59,20181002_135035_623plate1WellC01BlueChannel(series2).tif,1,C01,2,FLC2,146,22,1,100.0,0.0
YMR219W,852,17,20181002_135035_623plate1WellL20BlueChannel(series3).tif,1,L20,3,ESC1,852,12,1,100.0,0.0
YLR044C,468,4,20181002_135035_623plate1WellG12BlueChannel(series3).tif,1,G12,3,PDC1,468,1,1,100.0,0.0
YDR008C,2084,4,20181015_135757_230plate10WellM22BlueChannel(series2).tif,10,M22,2,,2084,1,1,100.0,0.0
YML037C,505,3,20181002_135035_623plate1WellH01BlueChannel(series1).tif,1,H01,1,,505,2,1,100.0,0.0
YDL121C,1676,21,20181015_135757_230plate10WellH06BlueChannel(series2).tif,10,H06,2,EXP1,1676,9,1,100.0,0.0
YAL048C,165,67,20181002_135035_623plate1WellC07BlueChannel(series3).tif,1,C07,3,GEM1,165,24,1,100.0,0.0
YDL231C,1910,29,20181015_135757_230plate10WellK12BlueChannel(series2).tif,10,K12,2,BRE4,1910,11,1,100.0,0.0
YCR024C-A,1692,30,20181015_135757_230plate10WellH11BlueChannel(series3).tif,10,H11,3,PMP1,1692,9,1,100.0,0.0
YMR162C,378,33,20181002_135035_623plate1WellF06BlueChannel(series3).tif,1,F06,3,DNF3,378,5,1,100.0,0.0
YML060W,279,2,20181002_135035_623plate1WellD21BlueChannel(series3).tif,1,D21,3,OGG1,279,7,1,100.0,0.0
YMR152W,250,15,20181002_135035_623plate1WellD12BlueChannel(series1).tif,1,D12,1,YIM1,250,5,1,100.0,0.0
YLR043C,462,24,20181002_135035_623plate1WellG10BlueChannel(series3).tif,1,G10,3,TRX1,462,6,1,100.0,0.0
YDL177C,2126,3,20181015_135757_230plate10WellN12BlueChannel(series2).tif,10,N12,2,,2126,15,1,100.0,0.0
YBR278W,1427,2,20181015_135757_230plate10WellD19BlueChannel(series2).tif,10,D19,2,DPB3,1427,16,1,100.0,0.0
YAL007C,499,17,20181002_135035_623plate1WellG23BlueChannel(series1).tif,1,G23,1,ERP2,499,6,1,100.0,0.0
YLR119W,75,79,20181002_135035_623plate1WellB01BlueChannel(series3).tif,1,B01,3,SRN2,75,17,1,100.0,0.0
YMR216C,846,19,20181002_135035_623plate1WellL18BlueChannel(series3).tif,1,L18,3,SKY1,846,9,1,100.0,0.0
YJL022W,2116,10,20181015_135757_230plate10WellN09BlueChannel(series1).tif,10,N09,1,,2116,1,1,100.0,0.0
YCR024C,1684,66,20181015_135757_230plate10WellH09BlueChannel(series1).tif,10,H09,1,SLM5,1684,25,1,100.0,0.0
YBR285W,1528,21,20181015_135757_230plate10WellF05BlueChannel(series1).tif,10,F05,1,,1528,10,1,100.0,0.0
YMR003W,837,27,20181002_135035_623plate1WellL15BlueChannel(series3).tif,1,L15,3,AIM34,837,3,1,100.0,0.0
YMR148W,234,7,20181002_135035_623plate1WellD06BlueChannel(series3).tif,1,D06,3,LDO16,234,2,1,100.0,0.0
YDL101C,1525,25,20181015_135757_230plate10WellF04BlueChannel(series1).tif,10,F04,1,DUN1,1525,7,1,100.0,0.0
YML011C,699,13,20181002_135035_623plate1WellJ17BlueChannel(series3).tif,1,J17,3,RAD33,699,6,1,100.0,0.0
YAL031C,307,11,20181002_135035_623plate1WellE07BlueChannel(series1).tif,1,E07,1,GIP4,307,11,1,100.0,0.0
YAL004W,579,65,20181002_135035_623plate1WellI01BlueChannel(series3).tif,1,I01,3,,579,24,1,100.0,0.0
YMR173W-A,424,91,20181002_135035_623plate1WellF22BlueChannel(series1).tif,1,F22,1,,424,35,1,100.0,0.0
YJR001W,2140,8,20181015_135757_230plate10WellN17BlueChannel(series1).tif,10,N17,1,AVT1,2140,1,1,100.0,0.0
YAL051W,151,40,20181002_135035_623plate1WellC03BlueChannel(series1).tif,1,C03,1,OAF1,151,20,1,100.0,0.0
YLR445W,1343,38,20181015_135757_230plate10WellC15BlueChannel(series2).tif,10,C15,2,GMC2,1343,13,1,100.0,0.0
YAL005C,584,47,20181002_135035_623plate1WellI03BlueChannel(series2).tif,1,I03,2,SSA1,584,10,1,100.0,0.0
YML086C,139,27,20181002_135035_623plate1WellB23BlueChannel(series1).tif,1,B23,1,ALO1,139,15,1,100.0,0.0
YLL006W,871,152,20181002_135035_623plate1WellM03BlueChannel(series1).tif,1,M03,1,MMM1,871,24,1,100.0,0.0
YDL136W,1837,28,20181015_135757_230plate10WellJ12BlueChannel(series1).tif,10,J12,1,RPL35B,1837,9,1,100.0,0.0
YBR269C,1396,43,20181015_135757_230plate10WellD09BlueChannel(series1).tif,10,D09,1,SDH8,1396,10,1,100.0,0.0
YMR036C,82,69,20181002_135035_623plate1WellB04BlueChannel(series1).tif,1,B04,1,MIH1,82,16,1,100.0,0.0
YLR447C,1354,9,20181015_135757_230plate10WellC19BlueChannel(series1).tif,10,C19,1,VMA6,1354,2,1,100.0,0.0
YLR093C,905,15,20181002_135035_623plate1WellM14BlueChannel(series2).tif,1,M14,2,NYV1,905,12,1,100.0,0.0
YDR001C,2054,20,20181015_135757_230plate10WellM12BlueChannel(series2).tif,10,M12,2,NTH1,2054,1,1,100.0,0.0
YML088W,129,51,20181002_135035_623plate1WellB19BlueChannel(series3).tif,1,B19,3,UFO1,129,18,1,100.0,0.0
YML030W,542,2,20181002_135035_623plate1WellH13BlueChannel(series2).tif,1,H13,2,RCF1,542,1,1,100.0,0.0
YJR118C,1209,38,20181015_135757_230plate10WellA18BlueChannel(series3).tif,10,A18,3,ILM1,1209,30,1,100.0,0.0
YJR069C,2068,29,20181015_135757_230plate10WellM17BlueChannel(series1).tif,10,M17,1,HAM1,2068,5,1,100.0,0.0
YLR262C-A,1156,143,20181015_135403_051plate10WellA01BlueChannel(series1).tif,10,A01,1,TMA7,1156,19,1,100.0,0.0
YMR230W,971,16,20181002_135035_623plate1WellN12BlueChannel(series2).tif,1,N12,2,RPS10B,971,3,1,100.0,0.0
YBR291C,1546,3,20181015_135757_230plate10WellF11BlueChannel(series1).tif,10,F11,1,CTP1,1546,8,1,100.0,0.0
YLR423C,1168,8,20181015_135757_230plate10WellA05BlueChannel(series1).tif,10,A05,1,ATG17,1168,18,1,100.0,0.0
YML004C,806,13,20181002_135035_623plate1WellL05BlueChannel(series2).tif,1,L05,2,GLO1,806,9,1,100.0,0.0
YJR133W,1335,45,20181015_135757_230plate10WellC12BlueChannel(series3).tif,10,C12,3,XPT1,1335,13,1,100.0,0.0
YLL054C,71,19,20181002_135035_623plate1WellA24BlueChannel(series2).tif,1,A24,2,,71,26,1,100.0,0.0
YLR072W,737,22,20181002_135035_623plate1WellK06BlueChannel(series2).tif,1,K06,2,LAM6,737,5,1,100.0,0.0
YML013C-A,686,14,20181002_135035_623plate1WellJ13BlueChannel(series2).tif,1,J13,2,,686,4,1,100.0,0.0
YLR018C,330,50,20181002_135035_623plate1WellE14BlueChannel(series3).tif,1,E14,3,POM34,330,16,1,100.0,0.0
YLR056W,588,46,20181002_135035_623plate1WellI04BlueChannel(series3).tif,1,I04,3,ERG3,588,6,1,100.0,0.0
YDR029W,1247,14,20181015_135757_230plate10WellB07BlueChannel(series2).tif,10,B07,2,,1247,4,1,100.0,0.0
YJR145C,1370,13,20181015_135757_230plate10WellC24BlueChannel(series2).tif,10,C24,2,RPS4A,1370,24,1,100.0,0.0
YMR225C,953,28,20181002_135035_623plate1WellN06BlueChannel(series2).tif,1,N06,2,MRPL44,953,6,1,100.0,0.0
YMR145C,222,51,20181002_135035_623plate1WellD02BlueChannel(series3).tif,1,D02,3,NDE1,222,8,1,100.0,0.0
YDR034C,1277,5,20181015_135757_230plate10WellB17BlueChannel(series2).tif,10,B17,2,LYS14,1277,2,1,100.0,0.0
YLR049C,492,12,20181002_135035_623plate1WellG20BlueChannel(series3).tif,1,G20,3,MLO50,492,8,1,100.0,0.0
YJL024C,2128,46,20181015_135757_230plate10WellN13BlueChannel(series1).tif,10,N13,1,APS3,2128,4,1,100.0,0.0
YBR284W,1522,42,20181015_135757_230plate10WellF03BlueChannel(series1).tif,10,F03,1,,1522,24,1,100.0,0.0
YDR032C,1265,11,20181015_135757_230plate10WellB13BlueChannel(series2).tif,10,B13,2,PST2,1265,18,1,100.0,0.0
YLL024C,1028,117,20181002_135035_623plate1WellO07BlueChannel(series2).tif,1,O07,2,SSA2,1028,20,1,100.0,0.0
YDL113C,1567,8,20181015_135757_230plate10WellF18BlueChannel(series1).tif,10,F18,1,ATG20,1567,4,1,100.0,0.0
YDL201W,1646,12,20181015_135757_230plate10WellG20BlueChannel(series2).tif,10,G20,2,TRM8,1646,13,1,100.0,0.0
YAL018C,446,7,20181002_135035_623plate1WellG05BlueChannel(series2).tif,1,G05,2,LDS1,446,2,1,100.0,0.0
YJR150C,1454,1,20181015_135757_230plate10WellE04BlueChannel(series2).tif,10,E04,2,DAN1,1454,2,1,100.0,0.0
YLR047C,480,23,20181002_135035_623plate1WellG16BlueChannel(series3).tif,1,G16,3,FRE8,480,1,1,100.0,0.0
YLR001C,197,19,20181002_135035_623plate1WellC18BlueChannel(series2).tif,1,C18,2,,197,17,1,100.0,0.0
YMR141C,130,77,20181002_135035_623plate1WellB20BlueChannel(series1).tif,1,B20,1,,130,19,1,100.0,0.0
YAL019W,439,7,20181002_135035_623plate1WellG03BlueChannel(series1).tif,1,G03,1,FUN30,439,1,1,100.0,0.0
YML034W,519,9,20181002_135035_623plate1WellH05BlueChannel(series3).tif,1,H05,3,SRC1,519,1,1,100.0,0.0
YDL182W,2156,13,20181015_135757_230plate10WellN22BlueChannel(series2).tif,10,N22,2,LYS20,2156,1,1,100.0,0.0
YMR042W,112,90,20181002_135035_623plate1WellB14BlueChannel(series1).tif,1,B14,1,ARG80,112,24,1,100.0,0.0
YMR207C,821,22,20181002_135035_623plate1WellL10BlueChannel(series2).tif,1,L10,2,HFA1,821,1,1,100.0,0.0
YAL011W,477,4,20181002_135035_623plate1WellG15BlueChannel(series3).tif,1,G15,3,SWC3,477,9,1,100.0,0.0
YJR140C,1352,73,20181015_135757_230plate10WellC18BlueChannel(series2).tif,10,C18,2,HIR3,1352,29,1,100.0,0.0
YBR271W,1402,45,20181015_135757_230plate10WellD11BlueChannel(series1).tif,10,D11,1,EFM2,1402,25,1,100.0,0.0
YCL075W,1937,11,20181015_135757_230plate10WellK21BlueChannel(series2).tif,10,K21,2,,1937,3,1,100.0,0.0
YAL017W,451,2,20181002_135035_623plate1WellG07BlueChannel(series1).tif,1,G07,1,PSK1,451,1,1,100.0,0.0
YAR029W,722,66,20181002_135035_623plate1WellK01BlueChannel(series2).tif,1,K01,2,,722,20,1,100.0,0.0
YLR124W,110,23,20181002_135035_623plate1WellB13BlueChannel(series2).tif,1,B13,2,,110,24,1,100.0,0.0
BLANK,2175,4,20181015_135757_230plate10WellO04BlueChannel(series3).tif,10,O04,3,,2175,3,2,100.0,0.0
YGR022C,2056,7,20181015_135757_230plate10WellM13BlueChannel(series1).tif,10,M13,1,,2056,1,1,100.0,0.0
YJR122W,1303,3,20181015_135757_230plate10WellC02BlueChannel(series1).tif,10,C02,1,IBA57,1303,1,1,100.0,0.0
YAL013W,471,12,20181002_135035_623plate1WellG13BlueChannel(series3).tif,1,G13,3,DEP1,471,10,1,100.0,0.0
YLL029W,1052,28,20181002_135035_623plate1WellO15BlueChannel(series2).tif,1,O15,2,FRA1,1052,3,1,100.0,0.0
YJR139C,1347,3,20181015_135757_230plate10WellC16BlueChannel(series3).tif,10,C16,3,HOM6,1347,1,1,100.0,0.0
YMR251W-A,1150,28,20181002_135035_623plate1WellP24BlueChannel(series1).tif,1,P24,1,HOR7,1150,3,1,100.0,0.0
YJR134C,1339,9,20181015_135757_230plate10WellC14BlueChannel(series1).tif,10,C14,1,SGM1,1339,7,1,100.0,0.0
YML014W,674,10,20181002_135035_623plate1WellJ09BlueChannel(series2).tif,1,J09,2,TRM9,674,3,1,100.0,0.0
YMR158W-A,288,40,20181002_135035_623plate1WellD24BlueChannel(series3).tif,1,D24,3,,288,23,1,100.0,0.0
YLR111W,1055,105,20181002_135035_623plate1WellO16BlueChannel(series2).tif,1,O16,2,,1055,11,1,100.0,0.0
YDL119C,1670,8,20181015_135757_230plate10WellH04BlueChannel(series2).tif,10,H04,2,HEM25,1670,17,1,100.0,0.0
YJR051W,1291,68,20181015_135757_230plate10WellB22BlueChannel(series1).tif,10,B22,1,OSM1,1291,27,1,100.0,0.0
YDL192W,1617,12,20181015_135757_230plate10WellG10BlueChannel(series3).tif,10,G10,3,ARF1,1617,8,1,100.0,0.0
YMR231W,977,7,20181002_135035_623plate1WellN14BlueChannel(series2).tif,1,N14,2,PEP5,977,1,1,100.0,0.0
YMR174C,1607,10,20181015_135757_230plate10WellG07BlueChannel(series2).tif,10,G07,2,PAI3,1607,27,2,100.0,0.0
YML017W,663,6,20181002_135035_623plate1WellJ05BlueChannel(series3).tif,1,J05,3,PSP2,663,3,1,100.0,0.0
YMR191W,666,37,20181002_135035_623plate1WellJ06BlueChannel(series3).tif,1,J06,3,SPG5,666,3,1,100.0,0.0
YMR244C-A,1121,5,20181002_135035_623plate1WellP14BlueChannel(series2).tif,1,P14,2,COA6,1121,9,1,100.0,0.0
YDL237W,1939,44,20181015_135757_230plate10WellK22BlueChannel(series1).tif,10,K22,1,AIM6,1939,17,1,100.0,0.0
YMR194W,684,39,20181002_135035_623plate1WellJ12BlueChannel(series3).tif,1,J12,3,RPL36A,684,12,1,100.0,0.0
YNR063W,1763,14,20181015_135757_230plate10WellI11BlueChannel(series2).tif,10,I11,2,PUL4,1763,20,1,100.0,0.0
YCR043C,1816,50,20181015_135757_230plate10WellJ05BlueChannel(series1).tif,10,J05,1,,1816,13,1,100.0,0.0
YAR030C,734,7,20181002_135035_623plate1WellK05BlueChannel(series2).tif,1,K05,2,,734,2,1,100.0,0.0
YMR233W,989,64,20181002_135035_623plate1WellN18BlueChannel(series2).tif,1,N18,2,TRI1,989,13,1,100.0,0.0
YLL062C,184,7,20181002_135035_623plate1WellC14BlueChannel(series1).tif,1,C14,1,MHT1,184,24,1,100.0,0.0
YJR008W,2153,22,20181015_135757_230plate10WellN21BlueChannel(series2).tif,10,N21,2,MHO1,2153,6,1,100.0,0.0
YML056C,381,17,20181002_135035_623plate1WellF07BlueChannel(series3).tif,1,F07,3,IMD4,381,10,1,100.0,0.0
YML026C,561,20,20181002_135035_623plate1WellH19BlueChannel(series3).tif,1,H19,3,RPS18B,561,7,1,100.0,0.0
YMR136W,1507,7,20181015_135757_230plate10WellE22BlueChannel(series1).tif,10,E22,1,GAT2,1507,3,1,100.0,0.0
YMR192W,671,21,20181002_135035_623plate1WellJ08BlueChannel(series2).tif,1,J08,2,GYL1,671,6,1,100.0,0.0
YDR036C,1290,9,20181015_135757_230plate10WellB21BlueChannel(series3).tif,10,B21,3,EHD3,1290,22,1,100.0,0.0
YMR237W,1000,11,20181002_135035_623plate1WellN22BlueChannel(series1).tif,1,N22,1,BCH1,1000,10,1,100.0,0.0
YLR454W,1464,14,20181015_135757_230plate10WellE07BlueChannel(series3).tif,10,E07,3,FMP27,1464,4,1,100.0,0.0
YMR156C,275,4,20181002_135035_623plate1WellD20BlueChannel(series2).tif,1,D20,2,TPP1,275,5,1,100.0,0.0
YLR094C,911,26,20181002_135035_623plate1WellM16BlueChannel(series2).tif,1,M16,2,GIS3,911,5,1,100.0,0.0
YJR142W,1358,45,20181015_135757_230plate10WellC20BlueChannel(series2).tif,10,C20,2,,1358,19,1,100.0,0.0
YNR064C,1768,36,20181015_135757_230plate10WellI13BlueChannel(series1).tif,10,I13,1,,1768,12,1,100.0,0.0
YMR016C,968,123,20181002_135035_623plate1WellN11BlueChannel(series2).tif,1,N11,2,SOK2,968,21,1,100.0,0.0
YLR011W,216,24,20181002_135035_623plate1WellC24BlueChannel(series3).tif,1,C24,3,LOT6,216,15,1,100.0,0.0
YLL052C,58,123,20181002_135035_623plate1WellA20BlueChannel(series1).tif,1,A20,1,AQY2,58,44,1,100.0,0.0
YLR428C,1194,28,20181015_135757_230plate10WellA13BlueChannel(series3).tif,10,A13,3,,1194,10,1,100.0,0.0
YAR003W,601,10,20181002_135035_623plate1WellI09BlueChannel(series1).tif,1,I09,1,SWD1,601,6,1,100.0,0.0
YDL162C,1995,8,20181015_135757_230plate10WellL16BlueChannel(series3).tif,10,L16,3,,1995,11,1,100.0,0.0
YLR017W,323,23,20181002_135035_623plate1WellE12BlueChannel(series2).tif,1,E12,2,MEU1,323,12,1,100.0,0.0
YDL243C,2047,10,20181015_135757_230plate10WellM10BlueChannel(series1).tif,10,M10,1,AAD4,2047,1,1,100.0,0.0
YMR018W,981,40,20181002_135035_623plate1WellN15BlueChannel(series3).tif,1,N15,3,PEX9,981,6,1,100.0,0.0
YAL010C,482,22,20181002_135035_623plate1WellG17BlueChannel(series2).tif,1,G17,2,MDM10,482,6,1,100.0,0.0
YDR026C,1228,67,20181015_135757_230plate10WellB01BlueChannel(series1).tif,10,B01,1,NSI1,1228,33,1,100.0,0.0
YGL199C,2020,30,20181015_135757_230plate10WellM01BlueChannel(series1).tif,10,M01,1,,2020,3,1,100.0,0.0
YML053C,398,12,20181002_135035_623plate1WellF13BlueChannel(series2).tif,1,F13,2,,398,15,1,100.0,0.0
YML067C,1489,73,20181015_135757_230plate10WellE16BlueChannel(series1).tif,10,E16,1,ERV41,1489,21,1,100.0,0.0
YLR438W,1318,41,20181015_135757_230plate10WellC07BlueChannel(series1).tif,10,C07,1,CAR2,1318,14,1,100.0,0.0
YML068W,1497,17,20181015_135757_230plate10WellE18BlueChannel(series3).tif,10,E18,3,ITT1,1497,15,1,100.0,0.0
YAL035W,297,30,20181002_135035_623plate1WellE03BlueChannel(series3).tif,1,E03,3,FUN12,297,5,1,100.0,0.0
YMR246W,1127,18,20181002_135035_623plate1WellP16BlueChannel(series2).tif,1,P16,2,FAA4,1127,4,1,100.0,0.0
YLL013C,897,19,20181002_135035_623plate1WellM11BlueChannel(series3).tif,1,M11,3,PUF3,897,2,1,100.0,0.0
YJR060W,1411,2,20181015_135757_230plate10WellD14BlueChannel(series1).tif,10,D14,1,CBF1,1411,5,1,100.0,0.0
YLL009C,878,16,20181002_135035_623plate1WellM05BlueChannel(series2).tif,1,M05,2,COX17,878,17,1,100.0,0.0
YDR028C,1241,8,20181015_135757_230plate10WellB05BlueChannel(series2).tif,10,B05,2,REG1,1241,9,1,100.0,0.0
YCR087W,2010,2,20181015_135757_230plate10WellL21BlueChannel(series3).tif,10,L21,3,,2010,15,1,100.0,0.0
YCR081W,1978,1,20181015_135757_230plate10WellL11BlueChannel(series1).tif,10,L11,1,SRB8,1978,6,1,100.0,0.0
YLL014W,902,1,20181002_135035_623plate1WellM13BlueChannel(series2).tif,1,M13,2,EMC6,902,3,1,100.0,0.0
YDR010C,2167,4,20181015_135757_230plate10WellO02BlueChannel(series1).tif,10,O02,1,,2167,28,1,100.0,0.0
YBR286W,1535,30,20181015_135757_230plate10WellF07BlueChannel(series2).tif,10,F07,2,APE3,1535,11,1,100.0,0.0
YMR143W,136,129,20181002_135035_623plate1WellB22BlueChannel(series1).tif,1,B22,1,RPS16A,136,38,1,97.36842105263158,4.1744385725905886e-14
YDR030C,1254,3,20181015_135757_230plate10WellB09BlueChannel(series3).tif,10,B09,3,RAD28,1254,34,1,97.05882352941177,1.8696155734687636e-13
YMR172C-A,419,62,20181002_135035_623plate1WellF20BlueChannel(series2).tif,1,F20,2,,419,34,1,97.05882352941177,1.8696155734687636e-13
YDL096C,1436,44,20181015_135757_230plate10WellD22BlueChannel(series2).tif,10,D22,2,OPI6,1436,33,1,96.96969696969697,1.4710455076283324e-13
YJR117W,1202,22,20181015_135757_230plate10WellA16BlueChannel(series2).tif,10,A16,2,STE24,1202,33,1,96.96969696969697,1.4710455076283324e-13
YNR057C,1655,3,20181015_135757_230plate10WellG23BlueChannel(series2).tif,10,G23,2,BIO4,1655,33,1,96.96969696969697,1.4710455076283324e-13
YAR027W,637,62,20181002_135035_623plate1WellI21BlueChannel(series1).tif,1,I21,1,UIP3,637,33,1,96.96969696969697,1.4710455076283324e-13
YMR228W,966,104,20181002_135035_623plate1WellN10BlueChannel(series3).tif,1,N10,3,MTF1,966,32,1,96.875,4.056754931980322e-13
YLL001W,783,79,20181002_135035_623plate1WellK21BlueChannel(series3).tif,1,K21,3,DNM1,783,30,1,96.66666666666667,1.6866508190105378e-12
YMR044W,118,2,20181002_135035_623plate1WellB16BlueChannel(series1).tif,1,B16,1,IOC4,118,30,1,96.66666666666667,1.6866508190105378e-12
YAL040C,200,79,20181002_135035_623plate1WellC19BlueChannel(series2).tif,1,C19,2,CLN3,200,30,1,96.66666666666667,1.6866508190105378e-12
YLR429W,1198,15,20181015_135757_230plate10WellA15BlueChannel(series1).tif,10,A15,1,CRN1,1198,29,1,96.55172413793103,4.934719299853896e-12
YLL020C,932,22,20181002_135035_623plate1WellM23BlueChannel(series2).tif,1,M23,2,,932,29,1,96.55172413793103,4.934719299853896e-12
YML006C,795,46,20181002_135035_623plate1WellL01BlueChannel(series3).tif,1,L01,3,GIS4,795,57,1,96.49122807017544,1.6486811915683575e-13
YLR460C,1475,32,20181015_135757_230plate10WellE11BlueChannel(series2).tif,10,E11,2,,1475,28,1,96.42857142857143,1.3999912340523224e-11
YDL204W,1658,39,20181015_135757_230plate10WellG24BlueChannel(series2).tif,10,G24,2,RTN2,1658,28,1,96.42857142857143,1.3999912340523224e-11
YDL154W,1959,22,20181015_135757_230plate10WellL04BlueChannel(series3).tif,10,L04,3,MSH5,1959,28,1,96.42857142857143,1.3999912340523224e-11
YAL068C,8,18,20181002_135035_623plate1WellA03BlueChannel(series2).tif,1,A03,2,PAU8,8,55,1,96.36363636363636,9.725553695716371e-14
YAL055W,67,94,20181002_135035_623plate1WellA23BlueChannel(series1).tif,1,A23,1,PEX22,67,27,1,96.29629629629629,3.8885450415193645e-11
YDL128W,1717,55,20181015_135757_230plate10WellH20BlueChannel(series1).tif,10,H20,1,VCX1,1717,27,1,96.29629629629629,3.8885450415193645e-11
YLR122C,97,15,20181002_135035_623plate1WellB09BlueChannel(series1).tif,1,B09,1,,97,27,1,96.29629629629629,3.8885450415193645e-11
YJR119C,1213,20,20181015_135757_230plate10WellA20BlueChannel(series1).tif,10,A20,1,JHD2,1213,27,1,96.29629629629629,3.8885450415193645e-11
YMR224C,946,51,20181002_135035_623plate1WellN04BlueChannel(series1).tif,1,N04,1,MRE11,946,26,1,96.15384615384616,1.0753209434000155e-10
YJR109C,1184,47,20181015_135757_230plate10WellA10BlueChannel(series2).tif,10,A10,2,CPA2,1184,26,1,96.15384615384616,1.0753209434000155e-10
YLR107W,1038,27,20181002_135035_623plate1WellO10BlueChannel(series3).tif,1,O10,3,REX3,1038,25,1,96.0,2.9390678779606105e-10
YNR060W,1745,24,20181015_135757_230plate10WellI05BlueChannel(series2).tif,10,I05,2,FRE4,1745,25,1,96.0,2.9390678779606105e-10
YDL191W,1611,21,20181015_135757_230plate10WellG08BlueChannel(series3).tif,10,G08,3,RPL35A,1611,25,1,96.0,2.9390678779606105e-10
YGL235W,2039,9,20181015_135757_230plate10WellM07BlueChannel(series2).tif,10,M07,2,,2039,25,1,96.0,2.9390678779606105e-10
YAL054C,1882,123,20181015_135757_230plate10WellK03BlueChannel(series1).tif,10,K03,1,ACS1,1882,25,1,96.0,2.9390678779606105e-10
YBR290W,1542,55,20181015_135757_230plate10WellF09BlueChannel(series3).tif,10,F09,3,BSD2,1542,24,1,95.83333333333334,7.94391108449588e-10
YAL056W,62,31,20181002_135035_623plate1WellA21BlueChannel(series2).tif,1,A21,2,GPB2,62,24,1,95.83333333333334,7.94391108449588e-10
YLL042C,23,49,20181002_135035_623plate1WellA08BlueChannel(series2).tif,1,A08,2,ATG10,23,24,1,95.83333333333334,7.94391108449588e-10
YDL123W,1694,74,20181015_135757_230plate10WellH12BlueChannel(series2).tif,10,H12,2,SNA4,1694,24,1,95.83333333333334,7.94391108449588e-10
YBR300C,1660,48,20181015_135757_230plate10WellH01BlueChannel(series1).tif,10,H01,1,,1660,24,1,95.83333333333334,7.94391108449588e-10
YJR144W,1363,19,20181015_135757_230plate10WellC22BlueChannel(series1).tif,10,C22,1,MGM101,1363,24,1,95.83333333333334,7.94391108449588e-10
YDR003W,2059,7,20181015_135757_230plate10WellM14BlueChannel(series1).tif,10,M14,1,RCR2,2059,23,1,95.65217391304348,2.1229125124477832e-09
YGL214W,2026,81,20181015_135757_230plate10WellM03BlueChannel(series1).tif,10,M03,1,,2026,23,1,95.65217391304348,2.1229125124477832e-09
YAL045C,176,13,20181002_135035_623plate1WellC11BlueChannel(series2).tif,1,C11,2,,176,23,1,95.65217391304348,2.1229125124477832e-09
YAL042W,188,38,20181002_135035_623plate1WellC15BlueChannel(series2).tif,1,C15,2,ERV46,188,23,1,95.65217391304348,2.1229125124477832e-09
YAR050W,1894,44,20181015_135757_230plate10WellK07BlueChannel(series1).tif,10,K07,1,FLO1,1894,23,1,95.65217391304348,2.1229125124477832e-09
YLR434C,1222,39,20181015_135757_230plate10WellA23BlueChannel(series1).tif,10,A23,1,,1222,22,1,95.45454545454545,5.610287456825347e-09
YNR066C,1780,44,20181015_135757_230plate10WellI17BlueChannel(series1).tif,10,I17,1,,1780,22,1,95.45454545454545,5.610287456825347e-09
YLR055C,580,20,20181002_135035_623plate1WellI02BlueChannel(series1).tif,1,I02,1,SPT8,580,22,1,95.45454545454545,5.610287456825347e-09
YLR023C,354,17,20181002_135035_623plate1WellE22BlueChannel(series3).tif,1,E22,3,IZH3,354,22,1,95.45454545454545,5.610287456825347e-09
YDL233W,1921,26,20181015_135757_230plate10WellK16BlueChannel(series1).tif,10,K16,1,MFG1,1921,21,1,95.23809523809523,1.466524557347526e-08
YDL211C,1749,65,20181015_135757_230plate10WellI06BlueChannel(series3).tif,10,I06,3,,1749,21,1,95.23809523809523,1.466524557347526e-08
YJL007C,2014,80,20181015_135757_230plate10WellL23BlueChannel(series1).tif,10,L23,1,,2014,21,1,95.23809523809523,1.466524557347526e-08
YDL130W,1730,22,20181015_135757_230plate10WellH24BlueChannel(series2).tif,10,H24,2,RPP1B,1730,21,1,95.23809523809523,1.466524557347526e-08
YMR144W,143,27,20181002_135035_623plate1WellB24BlueChannel(series2).tif,1,B24,2,FDO1,143,41,1,95.1219512195122,1.2645440250480533e-13
YLL051C,53,10,20181002_135035_623plate1WellA18BlueChannel(series2).tif,1,A18,2,FRE6,53,41,1,95.1219512195122,1.2645440250480533e-13
YMR242C,1097,42,20181002_135035_623plate1WellP06BlueChannel(series2).tif,1,P06,2,RPL20A,1097,20,1,95.0,3.792719005524248e-08
YJR116W,1196,114,20181015_135757_230plate10WellA14BlueChannel(series2).tif,10,A14,2,TDA4,1196,20,1,95.0,3.792719005524248e-08
YDL156W,1970,15,20181015_135757_230plate10WellL08BlueChannel(series2).tif,10,L08,2,CMR1,1970,20,1,95.0,3.792719005524248e-08
YLL039C,1075,6,20181002_135035_623plate1WellO23BlueChannel(series1).tif,1,O23,1,UBI4,1075,20,1,95.0,3.792719005524248e-08
YLL055W,150,1,20181002_135035_623plate1WellC02BlueChannel(series3).tif,1,C02,3,YCT1,150,20,1,95.0,3.792719005524248e-08
YJL021C,2110,13,20181015_135757_230plate10WellN07BlueChannel(series1).tif,10,N07,1,,2110,20,1,95.0,3.792719005524248e-08
YLR446W,1348,25,20181015_135757_230plate10WellC17BlueChannel(series1).tif,10,C17,1,,1348,20,1,95.0,3.792719005524248e-08
YJR052W,1298,44,20181015_135757_230plate10WellB24BlueChannel(series2).tif,10,B24,2,RAD7,1298,59,1,94.91525423728814,1.9051427102567686e-13
YCR037C,1810,88,20181015_135757_230plate10WellJ03BlueChannel(series1).tif,10,J03,1,PHO87,1810,39,1,94.87179487179486,2.241540286718191e-13
YCL076W,1942,94,20181015_135757_230plate10WellK23BlueChannel(series1).tif,10,K23,1,,1942,19,1,94.73684210526315,9.706787607033363e-08
YNR062C,1757,65,20181015_135757_230plate10WellI09BlueChannel(series2).tif,10,I09,2,PUL3,1757,19,1,94.73684210526315,9.706787607033363e-08
YCL001W-A,1666,12,20181015_135757_230plate10WellH03BlueChannel(series1).tif,10,H03,1,,1666,18,1,94.44444444444444,2.4590529668078176e-07
YMR007W,849,28,20181002_135035_623plate1WellL19BlueChannel(series3).tif,1,L19,3,,849,18,1,94.44444444444444,2.4590529668078176e-07
YMR159C,366,1,20181002_135035_623plate1WellF02BlueChannel(series3).tif,1,F02,3,ATG16,366,18,1,94.44444444444444,2.4590529668078176e-07
YAR028W,644,5,20181002_135035_623plate1WellI23BlueChannel(series2).tif,1,I23,2,,644,36,1,94.44444444444444,1.892930256985892e-13
YDL125C,1707,1,20181015_135757_230plate10WellH16BlueChannel(series3).tif,10,H16,3,HNT1,1707,18,1,94.44444444444444,2.4590529668078176e-07
YMR193W,678,23,20181002_135035_623plate1WellJ10BlueChannel(series3).tif,1,J10,3,MRPL24,678,18,1,94.44444444444444,2.4590529668078176e-07
YLR082C,779,80,20181002_135035_623plate1WellK20BlueChannel(series2).tif,1,K20,2,SRL2,779,18,1,94.44444444444444,2.4590529668078176e-07
YLR461W,1480,64,20181015_135757_230plate10WellE13BlueChannel(series1).tif,10,E13,1,PAU4,1480,36,1,94.44444444444444,1.892930256985892e-13
YAL060W,45,42,20181002_135035_623plate1WellA15BlueChannel(series3).tif,1,A15,3,BDH1,45,36,1,94.44444444444444,1.892930256985892e-13
YJR036C,1263,130,20181015_135757_230plate10WellB12BlueChannel(series3).tif,10,B12,3,HUL4,1263,18,1,94.44444444444444,2.4590529668078176e-07
YJR106W,1171,39,20181015_135757_230plate10WellA06BlueChannel(series1).tif,10,A06,1,ECM27,1171,17,1,94.11764705882352,6.167786275046439e-07
YMR199W,712,62,20181002_135035_623plate1WellJ22BlueChannel(series1).tif,1,J22,1,CLN1,712,17,1,94.11764705882352,6.167786275046439e-07
YDL239C,2023,68,20181015_135757_230plate10WellM02BlueChannel(series1).tif,10,M02,1,ADY3,2023,17,1,94.11764705882352,6.167786275046439e-07
YDL134C,1821,22,20181015_135757_230plate10WellJ06BlueChannel(series3).tif,10,J06,3,PPH21,1821,17,1,94.11764705882352,6.167786275046439e-07
YMR245W,1115,87,20181002_135035_623plate1WellP12BlueChannel(series2).tif,1,P12,2,,1115,17,1,94.11764705882352,6.167786275046439e-07
YLL012W,891,31,20181002_135035_623plate1WellM09BlueChannel(series3).tif,1,M09,3,YEH1,891,17,1,94.11764705882352,6.167786275046439e-07
YLR095C,918,75,20181002_135035_623plate1WellM18BlueChannel(series3).tif,1,M18,3,IOC2,918,17,1,94.11764705882352,6.167786275046439e-07
YLL021W,1010,20,20181002_135035_623plate1WellO01BlueChannel(series2).tif,1,O01,2,SPA2,1010,17,1,94.11764705882352,6.167786275046439e-07
YML079W,249,22,20181002_135035_623plate1WellD11BlueChannel(series3).tif,1,D11,3,,249,17,1,94.11764705882352,6.167786275046439e-07
YDL238C,1946,67,20181015_135757_230plate10WellK24BlueChannel(series2).tif,10,K24,2,GUD1,1946,33,1,93.93939393939394,4.462763492085742e-12
YDR006C,2077,87,20181015_135757_230plate10WellM20BlueChannel(series1).tif,10,M20,1,SOK1,2077,33,1,93.93939393939394,4.462763492085742e-12
YLR123C,104,52,20181002_135035_623plate1WellB11BlueChannel(series2).tif,1,B11,2,,104,33,1,93.93939393939394,4.462763492085742e-12
YDL206W,1735,48,20181015_135757_230plate10WellI02BlueChannel(series1).tif,10,I02,1,,1735,16,1,93.75,1.5319986346185033e-06
YLR432W,1212,53,20181015_135757_230plate10WellA19BlueChannel(series3).tif,10,A19,3,IMD3,1212,16,1,93.75,1.5319986346185033e-06
YMR024W,1093,57,20181002_135035_623plate1WellP05BlueChannel(series1).tif,1,P05,1,MRPL3,1093,16,1,93.75,1.5319986346185033e-06
YAR018C,619,7,20181002_135035_623plate1WellI15BlueChannel(series1).tif,1,I15,1,KIN3,619,16,1,93.75,1.5319986346185033e-06
YAR031W,728,31,20181002_135035_623plate1WellK03BlueChannel(series2).tif,1,K03,2,PRM9,728,16,1,93.75,1.5319986346185033e-06
YJR058C,1399,21,20181015_135757_230plate10WellD10BlueChannel(series1).tif,10,D10,1,APS2,1399,31,1,93.54838709677419,3.5229041905893155e-11
YDL236W,1933,59,20181015_135757_230plate10WellK20BlueChannel(series1).tif,10,K20,1,PHO13,1933,15,1,93.33333333333333,3.7692030803171406e-06
YDR005C,2071,87,20181015_135757_230plate10WellM18BlueChannel(series1).tif,10,M18,1,MAF1,2071,15,1,93.33333333333333,3.7692030803171406e-06
YML089C,123,30,20181002_135035_623plate1WellB17BlueChannel(series3).tif,1,B17,3,,123,30,1,93.33333333333333,9.699763214854329e-11
YAL066W,21,12,20181002_135035_623plate1WellA07BlueChannel(series3).tif,1,A07,3,,21,15,1,93.33333333333333,3.7692030803171406e-06
YCR045C,1823,64,20181015_135757_230plate10WellJ07BlueChannel(series2).tif,10,J07,2,RRT12,1823,30,1,93.33333333333333,9.699763214854329e-11
YJR153W,1459,19,20181015_135757_230plate10WellE06BlueChannel(series1).tif,10,E06,1,PGU1,1459,15,1,93.33333333333333,3.7692030803171406e-06
YMR022W,1005,12,20181002_135035_623plate1WellN23BlueChannel(series3).tif,1,N23,3,UBC7,1005,15,1,93.33333333333333,3.7692030803171406e-06
YAL061W,37,5,20181002_135035_623plate1WellA13BlueChannel(series1).tif,1,A13,1,BDH2,37,30,1,93.33333333333333,9.699763214854329e-11
YDL178W,2132,13,20181015_135757_230plate10WellN14BlueChannel(series2).tif,10,N14,2,DLD2,2132,15,1,93.33333333333333,3.7692030803171406e-06
YMR008C,853,48,20181002_135035_623plate1WellL21BlueChannel(series1).tif,1,L21,1,PLB1,853,15,1,93.33333333333333,3.7692030803171406e-06
YLR102C,1024,61,20181002_135035_623plate1WellO06BlueChannel(series1).tif,1,O06,1,APC9,1024,15,1,93.33333333333333,3.7692030803171406e-06
YAL020C,433,5,20181002_135035_623plate1WellG01BlueChannel(series1).tif,1,G01,1,ATS1,433,15,1,93.33333333333333,3.7692030803171406e-06
YBR298C,1583,29,20181015_135757_230plate10WellF23BlueChannel(series2).tif,10,F23,2,MAL31,1583,29,1,93.10344827586206,2.647524421917069e-10
YLL063C,191,118,20181002_135035_623plate1WellC16BlueChannel(series2).tif,1,C16,2,AYT1,191,29,1,93.10344827586206,2.647524421917069e-10
YBR293W,1559,17,20181015_135757_230plate10WellF15BlueChannel(series2).tif,10,F15,2,VBA2,1559,14,1,92.85714285714286,9.187432394530681e-06
YLR067C,642,37,20181002_135035_623plate1WellI22BlueChannel(series3).tif,1,I22,3,PET309,642,28,1,92.85714285714286,7.12468528618615e-10
YDL230W,1904,4,20181015_135757_230plate10WellK10BlueChannel(series2).tif,10,K10,2,PTP1,1904,14,1,92.85714285714286,9.187432394530681e-06
YMR014W,957,21,20181002_135035_623plate1WellN07BlueChannel(series3).tif,1,N07,3,BUD22,957,14,1,92.85714285714286,9.187432394530681e-06
YDL240W,2029,54,20181015_135757_230plate10WellM04BlueChannel(series1).tif,10,M04,1,LRG1,2029,14,1,92.85714285714286,9.187432394530681e-06
YDL219W,1783,39,20181015_135757_230plate10WellI18BlueChannel(series1).tif,10,I18,1,DTD1,1783,28,1,92.85714285714286,7.12468528618615e-10
YLR019W,336,60,20181002_135035_623plate1WellE16BlueChannel(series3).tif,1,E16,3,PSR2,336,14,1,92.85714285714286,9.187432394530681e-06
YMR011W,943,71,20181002_135035_623plate1WellN03BlueChannel(series1).tif,1,N03,1,HXT2,943,14,1,92.85714285714286,9.187432394530681e-06
YLR118C,1079,42,20181002_135035_623plate1WellO24BlueChannel(series2).tif,1,O24,2,TML25,1079,14,1,92.85714285714286,9.187432394530681e-06
YML018C,656,24,20181002_135035_623plate1WellJ03BlueChannel(series2).tif,1,J03,2,,656,14,1,92.85714285714286,9.187432394530681e-06
YLL032C,1058,57,20181002_135035_623plate1WellO17BlueChannel(series2).tif,1,O17,2,,1058,14,1,92.85714285714286,9.187432394530681e-06
YLR096W,924,36,20181002_135035_623plate1WellM20BlueChannel(series3).tif,1,M20,3,KIN2,924,14,1,92.85714285714286,9.187432394530681e-06
YDL110C,1557,48,20181015_135757_230plate10WellF14BlueChannel(series3).tif,10,F14,3,TMA17,1557,27,1,92.5925925925926,1.8910746302225334e-09
YML009C,1486,65,20181015_135757_230plate10WellE15BlueChannel(series1).tif,10,E15,1,MRPL39,1486,27,1,92.5925925925926,1.8910746302225334e-09
YDL116W,1579,23,20181015_135757_230plate10WellF22BlueChannel(series1).tif,10,F22,1,NUP84,1579,13,1,92.3076923076923,2.219118245638807e-05
YLR062C,616,26,20181002_135035_623plate1WellI14BlueChannel(series1).tif,1,I14,1,BUD28,616,13,1,92.3076923076923,2.219118245638807e-05
YMR243C,1103,24,20181002_135035_623plate1WellP08BlueChannel(series2).tif,1,P08,2,ZRC1,1103,13,1,92.3076923076923,2.219118245638807e-05
YLL028W,1046,28,20181002_135035_623plate1WellO13BlueChannel(series2).tif,1,O13,2,TPO1,1046,13,1,92.3076923076923,2.219118245638807e-05
YML078W,255,63,20181002_135035_623plate1WellD13BlueChannel(series3).tif,1,D13,3,CPR3,255,13,1,92.3076923076923,2.219118245638807e-05
YJR080C,2165,97,20181015_135757_230plate10WellO01BlueChannel(series2).tif,10,O01,2,AIM24,2165,26,1,92.3076923076923,4.953511156813306e-09
YML058W,363,87,20181002_135035_623plate1WellF01BlueChannel(series3).tif,1,F01,3,SML1,363,25,1,92.0,1.2805783100588997e-08
YCR034W,1727,67,20181015_135757_230plate10WellH23BlueChannel(series2).tif,10,H23,2,ELO2,1727,25,1,92.0,1.2805783100588997e-08
YLR084C,792,44,20181002_135035_623plate1WellK24BlueChannel(series3).tif,1,K24,3,RAX2,792,25,1,92.0,1.2805783100588997e-08
YML087C,134,26,20181002_135035_623plate1WellB21BlueChannel(series2).tif,1,B21,2,AIM33,134,37,1,91.8918918918919,2.2043478153932483e-12
YAL026C,339,24,20181002_135035_623plate1WellE17BlueChannel(series3).tif,1,E17,3,DRS2,339,37,1,91.8918918918919,2.2043478153932483e-12
YNR058W,1732,129,20181015_135757_230plate10WellI01BlueChannel(series1).tif,10,I01,1,BIO3,1732,61,1,91.80327868852459,2.5646151868841116e-14
YMR250W,1139,64,20181002_135035_623plate1WellP20BlueChannel(series2).tif,1,P20,2,GAD1,1139,12,1,91.66666666666666,5.312434574167302e-05
YML020W,572,6,20181002_135035_623plate1WellH23BlueChannel(series2).tif,1,H23,2,,572,12,1,91.66666666666666,5.312434574167302e-05
YMR326C,1626,16,20181015_135757_230plate10WellG13BlueChannel(series3).tif,10,G13,3,,1626,12,1,91.66666666666666,5.312434574167302e-05
YMR196W,701,33,20181002_135035_623plate1WellJ18BlueChannel(series2).tif,1,J18,2,,701,12,1,91.66666666666666,5.312434574167302e-05
YLL056C,155,61,20181002_135035_623plate1WellC04BlueChannel(series2).tif,1,C04,2,,155,24,1,91.66666666666666,3.267920167804306e-08
YCL038C,1919,7,20181015_135757_230plate10WellK15BlueChannel(series2).tif,10,K15,2,ATG22,1919,12,1,91.66666666666666,5.312434574167302e-05
YLL019C,927,7,20181002_135035_623plate1WellM21BlueChannel(series3).tif,1,M21,3,KNS1,927,12,1,91.66666666666666,5.312434574167302e-05
YDR035W,1283,11,20181015_135757_230plate10WellB19BlueChannel(series2).tif,10,B19,2,ARO3,1283,48,1,91.66666666666666,2.511324481702104e-13
YDL172C,2095,32,20181015_135757_230plate10WellN02BlueChannel(series1).tif,10,N02,1,,2095,24,1,91.66666666666666,3.267920167804306e-08
YDL135C,1832,27,20181015_135757_230plate10WellJ10BlueChannel(series2).tif,10,J10,2,RDI1,1832,24,1,91.66666666666666,3.267920167804306e-08
YAL012W,1798,1,20181015_135757_230plate10WellI23BlueChannel(series1).tif,10,I23,1,CYS3,1798,12,1,91.66666666666666,5.312434574167302e-05
YLR048W,486,33,20181002_135035_623plate1WellG18BlueChannel(series3).tif,1,G18,3,RPS0B,486,12,1,91.66666666666666,5.312434574167302e-05
YDL180W,2143,12,20181015_135757_230plate10WellN18BlueChannel(series1).tif,10,N18,1,,2143,23,1,91.30434782608695,8.233313897321182e-08
YMR241W,1085,150,20181002_135035_623plate1WellP02BlueChannel(series2).tif,1,P02,2,YHM2,1085,57,1,91.22807017543859,1.6486811915683575e-13
YLR114C,1073,167,20181002_135035_623plate1WellO22BlueChannel(series2).tif,1,O22,2,AVL9,1073,34,1,91.17647058823529,5.041234096836433e-11
YLR099C,1012,70,20181002_135035_623plate1WellO02BlueChannel(series1).tif,1,O02,1,ICT1,1012,45,1,91.11111111111111,1.2867484855405564e-13
YLR080W,767,31,20181002_135035_623plate1WellK16BlueChannel(series2).tif,1,K16,2,EMP46,767,11,1,90.9090909090909,0.00012607120836283237
YMR006C,843,20,20181002_135035_623plate1WellL17BlueChannel(series3).tif,1,L17,3,PLB2,843,11,1,90.9090909090909,0.00012607120836283237
YDL200C,1640,52,20181015_135757_230plate10WellG18BlueChannel(series2).tif,10,G18,2,MGT1,1640,22,1,90.9090909090909,2.0482043050495946e-07
YDL109C,1550,1,20181015_135757_230plate10WellF12BlueChannel(series2).tif,10,F12,2,,1550,11,1,90.9090909090909,0.00012607120836283237
YLL061W,180,16,20181002_135035_623plate1WellC12BlueChannel(series3).tif,1,C12,3,MMP1,180,11,1,90.9090909090909,0.00012607120836283237
YMR189W,653,14,20181002_135035_623plate1WellJ02BlueChannel(series2).tif,1,J02,2,GCV2,653,11,1,90.9090909090909,0.00012607120836283237
YAL044C,182,13,20181002_135035_623plate1WellC13BlueChannel(series2).tif,1,C13,2,GCV3,182,22,1,90.9090909090909,2.0482043050495946e-07
YDL149W,1873,98,20181015_135757_230plate10WellJ24BlueChannel(series1).tif,10,J24,1,ATG9,1873,22,1,90.9090909090909,2.0482043050495946e-07
YCR036W,1806,1,20181015_135757_230plate10WellJ01BlueChannel(series3).tif,10,J01,3,RBK1,1806,54,1,90.74074074074075,6.195044477408373e-14
YDL223C,1797,22,20181015_135757_230plate10WellI22BlueChannel(series3).tif,10,I22,3,HBT1,1797,32,1,90.625,3.7376879369332983e-10
YCR068W,1872,64,20181015_135757_230plate10WellJ23BlueChannel(series3).tif,10,J23,3,ATG15,1872,21,1,90.47619047619048,5.031672342115101e-07
YDL124W,1701,22,20181015_135757_230plate10WellH14BlueChannel(series3).tif,10,H14,3,,1701,31,1,90.32258064516128,9.954870261452697e-10
YLL033W,1064,5,20181002_135035_623plate1WellO19BlueChannel(series2).tif,1,O19,2,IRC19,1064,10,1,90.0,0.00029663813730018695
YCR079W,1972,59,20181015_135757_230plate10WellL09BlueChannel(series1).tif,10,L09,1,PTC6,1972,20,1,90.0,1.2207407217301736e-06
YMR164C,389,24,20181002_135035_623plate1WellF10BlueChannel(series2).tif,1,F10,2,MSS11,389,10,1,90.0,0.00029663813730018695
YAL021C,356,65,20181002_135035_623plate1WellE23BlueChannel(series2).tif,1,E23,2,CCR4,356,30,1,90.0,2.6122539686923574e-09
YMR187C,570,43,20181002_135035_623plate1WellH22BlueChannel(series3).tif,1,H22,3,,570,10,1,90.0,0.00029663813730018695
YLL015W,908,8,20181002_135035_623plate1WellM15BlueChannel(series2).tif,1,M15,2,BPT1,908,10,1,90.0,0.00029663813730018695
YDL173W,2101,84,20181015_135757_230plate10WellN04BlueChannel(series1).tif,10,N04,1,PAR32,2101,30,1,90.0,2.6122539686923574e-09
YDR031W,1260,27,20181015_135757_230plate10WellB11BlueChannel(series3).tif,10,B11,3,MIX14,1260,19,1,89.47368421052632,2.9249778946693894e-06
YMR215W,839,69,20181002_135035_623plate1WellL16BlueChannel(series2).tif,1,L16,2,GAS3,839,19,1,89.47368421052632,2.9249778946693894e-06
YMR244W,1110,31,20181002_135035_623plate1WellP10BlueChannel(series3).tif,1,P10,3,,1110,19,1,89.47368421052632,2.9249778946693894e-06
YCR077C,1968,47,20181015_135757_230plate10WellL07BlueChannel(series3).tif,10,L07,3,PAT1,1968,28,1,89.28571428571429,1.7213789949011016e-08
YDL168W,1999,113,20181015_135757_230plate10WellL18BlueChannel(series1).tif,10,L18,1,SFA1,1999,46,1,89.13043478260869,1.4943601911454607e-13
YLL005C,865,60,20181002_135035_623plate1WellM01BlueChannel(series1).tif,1,M01,1,SPO75,865,9,1,88.88888888888889,0.0006921556534892348
YAR044W,770,37,20181002_135035_623plate1WellK17BlueChannel(series2).tif,1,K17,2,,770,9,1,88.88888888888889,0.0006921556534892348
YDL118W,1664,29,20181015_135757_230plate10WellH02BlueChannel(series2).tif,10,H02,2,,1664,9,1,88.88888888888889,0.0006921556534892348
YCR076C,1961,50,20181015_135757_230plate10WellL05BlueChannel(series2).tif,10,L05,2,FUB1,1961,36,1,88.88888888888889,1.4621559518701588e-10
YCR050C,1834,18,20181015_135757_230plate10WellJ11BlueChannel(series1).tif,10,J11,1,,1834,18,1,88.88888888888889,6.921627307976408e-06
YML083C,224,13,20181002_135035_623plate1WellD03BlueChannel(series2).tif,1,D03,2,,224,18,1,88.88888888888889,6.921627307976408e-06
YMR182C,544,32,20181002_135035_623plate1WellH14BlueChannel(series1).tif,1,H14,1,RGM1,544,9,1,88.88888888888889,0.0006921556534892348
YGR011W,2044,18,20181015_135757_230plate10WellM09BlueChannel(series1).tif,10,M09,1,,2044,9,1,88.88888888888889,0.0006921556534892348
YLR059C,605,6,20181002_135035_623plate1WellI10BlueChannel(series2).tif,1,I10,2,REX2,605,9,1,88.88888888888889,0.0006921556534892348
YDL161W,1987,4,20181015_135757_230plate10WellL14BlueChannel(series1).tif,10,L14,1,ENT1,1987,9,1,88.88888888888889,0.0006921556534892348
YAR043C,764,48,20181002_135035_623plate1WellK15BlueChannel(series2).tif,1,K15,2,,764,9,1,88.88888888888889,0.0006921556534892348
YDL234C,1927,4,20181015_135757_230plate10WellK18BlueChannel(series1).tif,10,K18,1,GYP7,1927,53,1,88.67924528301887,1.5432100042289676e-13
YMR238W,1008,7,20181002_135035_623plate1WellN24BlueChannel(series3).tif,1,N24,3,DFG5,1008,26,1,88.46153846153845,1.0703316388749329e-07
YLR092W,899,86,20181002_135035_623plate1WellM12BlueChannel(series2).tif,1,M12,2,SUL2,899,17,1,88.23529411764706,1.617551783117399e-05
YDL157C,1975,32,20181015_135757_230plate10WellL10BlueChannel(series1).tif,10,L10,1,,1975,17,1,88.23529411764706,1.617551783117399e-05
YLR120C,79,112,20181002_135035_623plate1WellB03BlueChannel(series1).tif,1,B03,1,YPS1,79,25,1,88.0,2.6122339935596983e-07
YDL129W,1724,27,20181015_135757_230plate10WellH22BlueChannel(series2).tif,10,H22,2,,1724,33,1,87.87878787878788,2.7284804415828035e-09
YDL122W,1689,3,20181015_135757_230plate10WellH10BlueChannel(series3).tif,10,H10,3,UBP1,1689,8,1,87.5,0.0016018459406632601
YNR067C,1788,16,20181015_135757_230plate10WellI19BlueChannel(series3).tif,10,I19,3,DSE4,1788,16,1,87.5,3.7327267913500606e-05
YDL174C,2107,114,20181015_135757_230plate10WellN06BlueChannel(series1).tif,10,N06,1,DLD1,2107,24,1,87.5,6.28526598545065e-07
YDL215C,1765,17,20181015_135757_230plate10WellI12BlueChannel(series1).tif,10,I12,1,GDH2,1765,16,1,87.5,3.7327267913500606e-05
YDL216C,1772,13,20181015_135757_230plate10WellI14BlueChannel(series2).tif,10,I14,2,RRI1,1772,8,1,87.5,0.0016018459406632601
YBR283C,1517,3,20181015_135757_230plate10WellF01BlueChannel(series2).tif,10,F01,2,SSH1,1517,8,1,87.5,0.0016018459406632601
YML081C-A,1504,5,20181015_135757_230plate10WellE21BlueChannel(series1).tif,10,E21,1,ATP18,1504,8,1,87.5,0.0016018459406632601
YMR175W,510,93,20181002_135035_623plate1WellH02BlueChannel(series3).tif,1,H02,3,SIP18,510,16,2,87.5,3.7327267913500606e-05
YMR223W,941,4,20181002_135035_623plate1WellN02BlueChannel(series2).tif,1,N02,2,UBP8,941,8,1,87.5,0.0016018459406632601
YML007W,717,34,20181002_135035_623plate1WellJ23BlueChannel(series3).tif,1,J23,3,YAP1,717,8,1,87.5,0.0016018459406632601
YLR020C,342,10,20181002_135035_623plate1WellE18BlueChannel(series3).tif,1,E18,3,YEH2,342,24,1,87.5,6.28526598545065e-07
YLR014C,306,7,20181002_135035_623plate1WellE06BlueChannel(series3).tif,1,E06,3,PPR1,306,8,1,87.5,0.0016018459406632601
YAL046C,170,8,20181002_135035_623plate1WellC09BlueChannel(series2).tif,1,C09,2,BOL3,170,8,1,87.5,0.0016018459406632601
YKL005C,1465,19,20181015_135757_230plate10WellE08BlueChannel(series1).tif,10,E08,1,BYE1,1465,31,1,87.09677419354838,1.7703975174754305e-08
YDR046C,1378,71,20181015_135757_230plate10WellD03BlueChannel(series1).tif,10,D03,1,BAP3,1378,23,1,86.95652173913044,1.490937291959149e-06
YMR035W,77,67,20181002_135035_623plate1WellB02BlueChannel(series2).tif,1,B02,2,IMP2,77,23,1,86.95652173913044,1.490937291959149e-06
YLR064W,628,45,20181002_135035_623plate1WellI18BlueChannel(series1).tif,1,I18,1,PER33,628,23,1,86.95652173913044,1.490937291959149e-06
YCR051W,1842,38,20181015_135757_230plate10WellJ13BlueChannel(series3).tif,10,J13,3,,1842,23,1,86.95652173913044,1.490937291959149e-06
YMR206W,816,39,20181002_135035_623plate1WellL08BlueChannel(series3).tif,1,L08,3,,816,15,1,86.66666666666667,8.504264162867425e-05
YCR049C,1829,64,20181015_135757_230plate10WellJ09BlueChannel(series2).tif,10,J09,2,,1829,15,1,86.66666666666667,8.504264162867425e-05
YDL227C,1893,38,20181015_135757_230plate10WellK06BlueChannel(series3).tif,10,K06,3,HO,1893,15,1,86.66666666666667,8.504264162867425e-05
YMR155W,270,12,20181002_135035_623plate1WellD18BlueChannel(series3).tif,1,D18,3,,270,15,1,86.66666666666667,8.504264162867425e-05
YDL137W,1845,83,20181015_135757_230plate10WellJ14BlueChannel(series3).tif,10,J14,3,ARF2,1845,37,1,86.48648648648648,9.125432631762465e-10
YDL197C,1622,48,20181015_135757_230plate10WellG12BlueChannel(series2).tif,10,G12,2,ASF2,1622,22,1,86.36363636363636,3.4866358035179346e-06
YDL133W,1814,70,20181015_135757_230plate10WellJ04BlueChannel(series2).tif,10,J04,2,SRF1,1814,22,1,86.36363636363636,3.4866358035179346e-06
YMR222C,863,49,20181002_135035_623plate1WellL24BlueChannel(series2).tif,1,L24,2,FSH2,863,29,1,86.20689655172413,1.0785474502394976e-07
YMR186W,563,19,20181002_135035_623plate1WellH20BlueChannel(series2).tif,1,H20,2,HSC82,563,7,1,85.71428571428571,0.0036774773001982952
YLR108C,1044,108,20181002_135035_623plate1WellO12BlueChannel(series3).tif,1,O12,3,,1044,14,1,85.71428571428571,0.00019123993474268186
YLR089C,882,61,20181002_135035_623plate1WellM06BlueChannel(series3).tif,1,M06,3,ALT1,882,14,1,85.71428571428571,0.00019123993474268186
YLR081W,773,42,20181002_135035_623plate1WellK18BlueChannel(series2).tif,1,K18,2,GAL2,773,7,1,85.71428571428571,0.0036774773001982952
YCR061W,1854,2,20181015_135757_230plate10WellJ17BlueChannel(series3).tif,10,J17,3,,1854,21,1,85.71428571428571,8.03768943102856e-06
YDL151C,1952,25,20181015_135757_230plate10WellL02BlueChannel(series2).tif,10,L02,2,BUD30,1952,14,1,85.71428571428571,0.00019123993474268186
YLR073C,743,8,20181002_135035_623plate1WellK08BlueChannel(series2).tif,1,K08,2,RFU1,743,7,1,85.71428571428571,0.0036774773001982952
YMR009W,859,49,20181002_135035_623plate1WellL23BlueChannel(series1).tif,1,L23,1,ADI1,859,21,1,85.71428571428571,8.03768943102856e-06
YCR073W-A,1956,14,20181015_135757_230plate10WellL03BlueChannel(series3).tif,10,L03,3,SOL2,1956,14,1,85.71428571428571,0.00019123993474268186
YMR247C,1134,6,20181002_135035_623plate1WellP18BlueChannel(series3).tif,1,P18,3,RKR1,1134,7,1,85.71428571428571,0.0036774773001982952
YGR025W,2062,22,20181015_135757_230plate10WellM15BlueChannel(series1).tif,10,M15,1,,2062,7,1,85.71428571428571,0.0036774773001982952
YML084W,218,9,20181002_135035_623plate1WellD01BlueChannel(series2).tif,1,D01,2,,218,7,1,85.71428571428571,0.0036774773001982952
YMR031W-A,1131,61,20181002_135035_623plate1WellP17BlueChannel(series3).tif,1,P17,3,,1131,21,1,85.71428571428571,8.03768943102856e-06
YDL198C,1627,31,20181015_135757_230plate10WellG14BlueChannel(series1).tif,10,G14,1,GGC1,1627,7,1,85.71428571428571,0.0036774773001982952
YAR002W,595,7,20181002_135035_623plate1WellI07BlueChannel(series1).tif,1,I07,1,NUP60,595,7,1,85.71428571428571,0.0036774773001982952
YJR055W,1389,16,20181015_135757_230plate10WellD06BlueChannel(series3).tif,10,D06,3,HIT1,1389,7,1,85.71428571428571,0.0036774773001982952
YNR059W,1738,15,20181015_135757_230plate10WellI03BlueChannel(series1).tif,10,I03,1,MNT4,1738,41,1,85.36585365853658,2.609933380526286e-10
YCR025C,1697,39,20181015_135757_230plate10WellH13BlueChannel(series2).tif,10,H13,2,,1697,41,1,85.36585365853658,2.609933380526286e-10
YMR234W,996,53,20181002_135035_623plate1WellN20BlueChannel(series3).tif,1,N20,3,RNH1,996,34,1,85.29411764705883,1.534930127444767e-08
YCR059C,1847,46,20181015_135757_230plate10WellJ15BlueChannel(series2).tif,10,J15,2,YIH1,1847,20,1,85.0,1.8263112357308486e-05
YLR077W,755,15,20181002_135035_623plate1WellK12BlueChannel(series2).tif,1,K12,2,FMP25,755,20,1,85.0,1.8263112357308486e-05
YLR450W,1446,67,20181015_135757_230plate10WellE01BlueChannel(series3).tif,10,E01,3,HMG2,1446,26,1,84.61538461538461,1.4433486172915622e-06
YCR065W,1858,51,20181015_135757_230plate10WellJ19BlueChannel(series1).tif,10,J19,1,HCM1,1858,26,1,84.61538461538461,1.4433486172915622e-06
YMR158C-B,1596,35,20181015_135757_230plate10WellG03BlueChannel(series3).tif,10,G03,3,,1596,26,1,84.61538461538461,1.4433486172915622e-06
YLR070C,732,43,20181002_135035_623plate1WellK04BlueChannel(series3).tif,1,K04,3,XYL2,732,13,1,84.61538461538461,0.0004243223050675038
YDL210W,1742,94,20181015_135757_230plate10WellI04BlueChannel(series2).tif,10,I04,2,UGA4,1742,32,1,84.375,9.259169098108089e-08
YML008C,711,60,20181002_135035_623plate1WellJ21BlueChannel(series3).tif,1,J21,3,ERG6,711,19,1,84.21052631578947,4.0893146833642646e-05
YDL146W,1869,28,20181015_135757_230plate10WellJ22BlueChannel(series3).tif,10,J22,3,LDB17,1869,31,1,83.87096774193549,2.2180962455653486e-07
YMR195W,695,18,20181002_135035_623plate1WellJ16BlueChannel(series2).tif,1,J16,2,ICY1,695,6,1,83.33333333333334,0.008376476072616379
YMR031C,1136,36,20181002_135035_623plate1WellP19BlueChannel(series2).tif,1,P19,2,EIS1,1136,6,1,83.33333333333334,0.008376476072616379
YML072C,1502,77,20181015_135757_230plate10WellE20BlueChannel(series2).tif,10,E20,2,TCB3,1502,36,1,83.33333333333334,2.9129127776528208e-08
YMR201C,720,28,20181002_135035_623plate1WellJ24BlueChannel(series3).tif,1,J24,3,RAD14,720,6,1,83.33333333333334,0.008376476072616379
YMR039C,90,23,20181002_135035_623plate1WellB06BlueChannel(series3).tif,1,B06,3,SUB1,90,24,1,83.33333333333334,7.527812245888832e-06
YCL022C,1907,15,20181015_135757_230plate10WellK11BlueChannel(series2).tif,10,K11,2,,1907,12,1,83.33333333333334,0.0009284866976024819
YMR202W,798,9,20181002_135035_623plate1WellL02BlueChannel(series3).tif,1,L02,3,ERG2,798,12,1,83.33333333333334,0.0009284866976024819
YLR113W,1067,42,20181002_135035_623plate1WellO20BlueChannel(series2).tif,1,O20,2,HOG1,1067,6,1,83.33333333333334,0.008376476072616379
YLL038C,1071,18,20181002_135035_623plate1WellO21BlueChannel(series3).tif,1,O21,3,ENT4,1071,6,1,83.33333333333334,0.008376476072616379
YJR063W,1431,43,20181015_135757_230plate10WellD20BlueChannel(series3).tif,10,D20,3,RPA12,1431,6,1,83.33333333333334,0.008376476072616379
YJR031C,1243,41,20181015_135757_230plate10WellB06BlueChannel(series1).tif,10,B06,1,GEA1,1243,6,1,83.33333333333334,0.008376476072616379
YMR026C,1106,43,20181002_135035_623plate1WellP09BlueChannel(series2).tif,1,P09,2,PEX12,1106,12,1,83.33333333333334,0.0009284866976024819
YMR025W,1100,12,20181002_135035_623plate1WellP07BlueChannel(series2).tif,1,P07,2,CSI1,1100,18,1,83.33333333333334,9.020664304504322e-05
YBR295W,1565,63,20181015_135757_230plate10WellF17BlueChannel(series2).tif,10,F17,2,PCA1,1565,18,1,83.33333333333334,9.020664304504322e-05
YGL217C,2033,45,20181015_135757_230plate10WellM05BlueChannel(series2).tif,10,M05,2,,2033,12,1,83.33333333333334,0.0009284866976024819
YLR427W,1188,8,20181015_135757_230plate10WellA11BlueChannel(series3).tif,10,A11,3,MAG2,1188,11,1,81.81818181818183,0.0020023074257704554
YDL203C,1652,3,20181015_135757_230plate10WellG22BlueChannel(series2).tif,10,G22,2,ACK1,1652,11,1,81.81818181818183,0.0020023074257704554
YAL009W,489,74,20181002_135035_623plate1WellG19BlueChannel(series3).tif,1,G19,3,SPO7,489,11,1,81.81818181818183,0.0020023074257704554
YDL218W,1778,2,20181015_135757_230plate10WellI16BlueChannel(series2).tif,10,I16,2,,1778,11,1,81.81818181818183,0.0020023074257704554
YDL127W,1712,30,20181015_135757_230plate10WellH18BlueChannel(series2).tif,10,H18,2,PCL2,1712,27,1,81.48148148148148,6.192372411506497e-06
YDL241W,2035,86,20181015_135757_230plate10WellM06BlueChannel(series1).tif,10,M06,1,,2035,27,1,81.48148148148148,6.192372411506497e-06
YMR002W,831,46,20181002_135035_623plate1WellL13BlueChannel(series3).tif,1,L13,3,MIX17,831,16,1,81.25,0.00041905025670818663
YLL053C,66,14,20181002_135035_623plate1WellA22BlueChannel(series3).tif,1,A22,3,,66,16,1,81.25,0.00041905025670818663
YDL214C,1761,46,20181015_135757_230plate10WellI10BlueChannel(series3).tif,10,I10,3,PRR2,1761,16,1,81.25,0.00041905025670818663
YBR292C,1552,15,20181015_135757_230plate10WellF13BlueChannel(series1).tif,10,F13,1,,1552,5,1,80.0,0.01893313084891557
YMR034C,1147,54,20181002_135035_623plate1WellP23BlueChannel(series1).tif,1,P23,1,RCH1,1147,5,1,80.0,0.01893313084891557
YDL199C,1635,15,20181015_135757_230plate10WellG16BlueChannel(series3).tif,10,G16,3,,1635,10,1,80.0,0.004251813299160467
YMR023C,1082,131,20181002_135035_623plate1WellP01BlueChannel(series2).tif,1,P01,2,MSS1,1082,25,1,80.0,2.96078890771323e-05
YMR010W,939,50,20181002_135035_623plate1WellN01BlueChannel(series3).tif,1,N01,3,ANY1,939,15,1,80.0,0.0008815223394020855
YML058C-A,374,26,20181002_135035_623plate1WellF05BlueChannel(series2).tif,1,F05,2,,374,10,1,80.0,0.004251813299160467
YCL074W,1931,22,20181015_135757_230plate10WellK19BlueChannel(series2).tif,10,K19,2,,1931,5,1,80.0,0.01893313084891557
YGR018C,2050,21,20181015_135757_230plate10WellM11BlueChannel(series1).tif,10,M11,1,,2050,5,1,80.0,0.01893313084891557
YAL059W,50,25,20181002_135035_623plate1WellA17BlueChannel(series2).tif,1,A17,2,ECM1,50,15,1,80.0,0.0008815223394020855
YAL027W,332,7,20181002_135035_623plate1WellE15BlueChannel(series2).tif,1,E15,2,SAW1,332,5,1,80.0,0.01893313084891557
YDL144C,1863,15,20181015_135757_230plate10WellJ20BlueChannel(series3).tif,10,J20,3,,1863,24,1,79.16666666666666,6.310869532732966e-05
YLR083C,785,41,20181002_135035_623plate1WellK22BlueChannel(series2).tif,1,K22,2,EMP70,785,19,1,78.94736842105263,0.00035321195584747667
YDL224C,1803,19,20181015_135757_230plate10WellI24BlueChannel(series3).tif,10,I24,3,WHI4,1803,18,1,77.77777777777779,0.000724759143898468
YMR178W,528,18,20181002_135035_623plate1WellH08BlueChannel(series3).tif,1,H08,3,FPY1,528,9,1,77.77777777777779,0.008879368238539964
YML002W,818,11,20181002_135035_623plate1WellL09BlueChannel(series2).tif,1,L09,2,,818,9,1,77.77777777777779,0.008879368238539964
YDL213C,1754,13,20181015_135757_230plate10WellI08BlueChannel(series2).tif,10,I08,2,NOP6,1754,9,1,77.77777777777779,0.008879368238539964
YDL100C,1520,9,20181015_135757_230plate10WellF02BlueChannel(series2).tif,10,F02,2,GET3,1520,9,1,77.77777777777779,0.008879368238539964
YMR151W,240,60,20181002_135035_623plate1WellD08BlueChannel(series3).tif,1,D08,3,YIM2,240,13,1,76.92307692307693,0.00370139085649579
YDL104C,1533,24,20181015_135757_230plate10WellF06BlueChannel(series3).tif,10,F06,3,QRI7,1533,17,1,76.47058823529412,0.001460112953367232
YLR024C,360,14,20181002_135035_623plate1WellE24BlueChannel(series3).tif,1,E24,3,UBR2,360,21,1,76.19047619047619,0.0005495660327300422
YDL222C,1790,51,20181015_135757_230plate10WellI20BlueChannel(series2).tif,10,I20,2,FMP45,1790,32,1,75.0,4.467163759280801e-05
YMR232W,983,25,20181002_135035_623plate1WellN16BlueChannel(series2).tif,1,N16,2,FUS2,983,12,1,75.0,0.0073714110668132715
YLR109W,1050,9,20181002_135035_623plate1WellO14BlueChannel(series3).tif,1,O14,3,AHP1,1050,12,1,75.0,0.0073714110668132715
,1546,68,20181015_135757_230plate10WellF11BlueChannel(series1).tif,10,F11,1,,1546,4,4,75.0,0.042471617850261545
YDL232W,1915,11,20181015_135757_230plate10WellK14BlueChannel(series1).tif,10,K14,1,OST4,1915,4,1,75.0,0.042471617850261545
YCR086W,1997,111,20181015_135757_230plate10WellL17BlueChannel(series2).tif,10,L17,2,CSM1,1997,31,1,74.19354838709677,9.081873395855311e-05
YLR097C,929,87,20181002_135035_623plate1WellM22BlueChannel(series2).tif,1,M22,2,HRT3,929,23,1,73.91304347826086,0.0007753604411083748
YDL175C,2113,17,20181015_135757_230plate10WellN08BlueChannel(series1).tif,10,N08,1,AIR2,2113,19,1,73.68421052631578,0.002118061098846158
YML048W,421,7,20181002_135035_623plate1WellF21BlueChannel(series1).tif,1,F21,1,GSF2,421,11,1,72.72727272727273,0.014374589728965659
YDL134C-A,1825,4,20181015_135757_230plate10WellJ08BlueChannel(series1).tif,10,J08,1,,1825,11,1,72.72727272727273,0.014374589728965659
YMR029C,1118,115,20181002_135035_623plate1WellP13BlueChannel(series2).tif,1,P13,2,FAR8,1118,23,1,69.56521739130434,0.0035272766765331864
YNR056C,1649,7,20181015_135757_230plate10WellG21BlueChannel(series2).tif,10,G21,2,BIO5,1649,6,1,66.66666666666666,0.07171640473080587
YMR019W,986,11,20181002_135035_623plate1WellN17BlueChannel(series2).tif,1,N17,2,STB4,986,3,1,66.66666666666666,0.09457013574667616
YJR061W,1418,17,20181015_135757_230plate10WellD16BlueChannel(series2).tif,10,D16,2,MNN14,1418,6,1,66.66666666666666,0.07171640473080587
YML054C,392,3,20181002_135035_623plate1WellF11BlueChannel(series2).tif,1,F11,2,CYB2,392,3,1,66.66666666666666,0.09457013574667616
YJR062C,1424,6,20181015_135757_230plate10WellD18BlueChannel(series2).tif,10,D18,2,NTA1,1424,3,1,66.66666666666666,0.09457013574667616
YDL170W,2013,24,20181015_135757_230plate10WellL22BlueChannel(series3).tif,10,L22,3,UGA3,2013,3,1,66.66666666666666,0.09457013574667616
YAL022C,351,18,20181002_135035_623plate1WellE21BlueChannel(series3).tif,1,E21,3,FUN26,351,3,1,66.66666666666666,0.09457013574667616
YLR146C,1477,22,20181015_135757_230plate10WellE12BlueChannel(series1).tif,10,E12,1,SPE4,1477,8,1,62.5,0.09166118437622606
YDL183C,2161,21,20181015_135757_230plate10WellN24BlueChannel(series1).tif,10,N24,1,,2161,6,1,50.0,0.266443888105645
YMR251W,1144,1,20181002_135035_623plate1WellP22BlueChannel(series1).tif,1,P22,1,GTO3,1144,2,1,50.0,0.2090497737557726
QUERY,1,2,20181002_135035_623plate1WellA01BlueChannel(series1).tif,1,A01,1,,1,170,7,45.88235294117647,0.0
